scenario	replicate	seed	PP_XM	PP_global_MY	PP_nonaligned_P	PP_two_path	correct	elapsed_seconds
null	1	20261001	0.13223140495869	0.048338368580063	0.0483424258966222	0.00639185039075296	TRUE	0.07
null	2	20261002	0.132231404958683	0.0483383685800603	0.0483396061688234	0.0063918503907526	TRUE	0.069
null	3	20261003	0.132231404958684	0.0483383685800992	0.0484381706273728	0.00639185039075775	TRUE	0.069
null	4	20261004	0.132231404958681	0.0483383685800599	0.0483401357336206	0.00639185039075254	TRUE	0.068
null	5	20261005	0.132231404958685	0.0483383685800613	0.048338842689101	0.00639185039075273	TRUE	0.0680000000000001
null	6	20261006	0.13223140495869	0.0483383685800633	0.0483449913370797	0.006391850390753	TRUE	0.0690000000000001
null	7	20261007	0.132231404958687	0.048338368580062	0.0483435323364606	0.00639185039075283	TRUE	0.068
null	8	20261008	0.132231404958682	0.04833836858006	0.048339019592946	0.00639185039075256	TRUE	0.0660000000000001
null	9	20261009	0.13223140495869	0.0483383685800632	0.0483414302029808	0.00639185039075298	TRUE	0.07
null	10	20261010	0.132231404958679	0.0483383685800613	0.0483593970789718	0.00639185039075182	TRUE	0.071
null	11	20261011	0.132231404958678	0.0483383685800586	0.048346419245615	0.00639185039075237	TRUE	0.0700000000000001
null	12	20261012	0.13223140495868	0.0483383685800601	0.0483488359630191	0.00639185039075257	TRUE	0.071
null	13	20261013	0.132231404958679	0.0483383685800589	0.0483402005676082	0.00639185039075242	TRUE	0.0710000000000002
null	14	20261014	0.132231404958676	0.0483383685800582	0.0483405077078415	0.00639185039075231	TRUE	0.0699999999999998
null	15	20261015	0.132231404958678	0.0483383685800586	0.0483413180839499	0.00639185039075237	TRUE	0.0700000000000001
null	16	20261016	0.132231404958681	0.0483383685800596	0.0483393300145782	0.00639185039075251	TRUE	0.069
null	17	20261017	0.132231404958689	0.0483383685800627	0.0483393547578828	0.00639185039075292	TRUE	0.0700000000000001
null	18	20261018	0.132231404958683	0.0483383685800604	0.0483388472140768	0.00639185039075261	TRUE	0.069
null	19	20261019	0.132231404958681	0.0483383685800651	0.0484103361947234	0.00639185039075232	TRUE	0.0720000000000001
null	20	20261020	0.132231404958686	0.0483383685800618	0.0483409203260735	0.0063918503907528	TRUE	0.0680000000000001
null	21	20261021	0.132231404958688	0.0483383685800626	0.048342318225196	0.00639185039075291	TRUE	0.067
null	22	20261022	0.132231404958687	0.0483383685803104	0.0486064930933341	0.00639185039078567	TRUE	0.0679999999999998
null	23	20261023	0.132231404958683	0.048338368580067	0.048385897849234	0.00639185039075349	TRUE	0.067
null	24	20261024	0.132231404958682	0.0483383685800601	0.0483394434714366	0.00639185039075258	TRUE	0.069
null	25	20261025	0.132231404958684	0.0483383685800607	0.0483451716887686	0.00639185039075265	TRUE	0.0710000000000002
null	26	20261026	0.132231404958683	0.0483383685800603	0.0483398669612248	0.0063918503907526	TRUE	0.0739999999999998
null	27	20261027	0.132231404958682	0.04833836858006	0.048343540691785	0.00639185039075256	TRUE	0.0710000000000002
null	28	20261028	0.132231404958682	0.0483383685800603	0.0483434994130938	0.0063918503907526	TRUE	0.0700000000000003
null	29	20261029	0.132231404958684	0.0483383685800661	0.048363762804341	0.00639185039075336	TRUE	0.0699999999999998
null	30	20261030	0.132231404958679	0.0483383685800663	0.0484662609148567	0.00639185039075248	TRUE	0.0700000000000003
null	31	20261031	0.132231404958681	0.0483383685800652	0.048404896911393	0.00639185039075325	TRUE	0.0720000000000001
null	32	20261032	0.132231404958685	0.0483383685800614	0.0483393843135501	0.00639185039075274	TRUE	0.0710000000000002
null	33	20261033	0.132231404958685	0.0483383685800612	0.04833982757336	0.00639185039075272	TRUE	0.0700000000000003
null	34	20261034	0.132231404958681	0.0483383685800793	0.0484029634853143	0.0063918503907542	TRUE	0.0710000000000002
null	35	20261035	0.132231404958681	0.0483383685800597	0.048339343251893	0.00639185039075252	TRUE	0.0699999999999998
null	36	20261036	0.132231404958689	0.0483383685800628	0.0483418450849551	0.00639185039075293	TRUE	0.0709999999999997
null	37	20261037	0.132231404958689	0.0483383685800627	0.0483421216561788	0.00639185039075292	TRUE	0.0699999999999998
null	38	20261038	0.132231404958683	0.0483383685800606	0.048339549432031	0.00639185039075263	TRUE	0.0690000000000004
null	39	20261039	0.132231404958682	0.04833836858006	0.0483427294887291	0.00639185039075256	TRUE	0.0670000000000002
null	40	20261040	0.132231404958687	0.0483383685800658	0.0483659252691777	0.00639185039075333	TRUE	0.0699999999999998
null	41	20261041	0.132231404958677	0.0483383685800581	0.0483387341328599	0.00639185039075231	TRUE	0.069
null	42	20261042	0.132231404958684	0.0483383685800687	0.0484023901906818	0.00639185039075371	TRUE	0.0690000000000004
null	43	20261043	0.132231404958687	0.0483383685800664	0.0483553789740614	0.00639185039075341	TRUE	0.0699999999999998
null	44	20261044	0.132231404958677	0.0483383685800647	0.0483864219488616	0.00639185039075319	TRUE	0.069
null	45	20261045	0.132231404958678	0.0483383685800606	0.0483643683813061	0.00639185039075264	TRUE	0.0700000000000003
null	46	20261046	0.132231404958686	0.0483383685800616	0.0483398203140603	0.00639185039075277	TRUE	0.0659999999999998
null	47	20261047	0.13223140495868	0.0483383685800592	0.0483423918056863	0.00639185039075246	TRUE	0.0700000000000003
null	48	20261048	0.13223140495868	0.0483383685800593	0.0483419307816746	0.00639185039075246	TRUE	0.0699999999999994
null	49	20261049	0.132231404958689	0.0483383685800737	0.048357371014133	0.00639185039075437	TRUE	0.069
null	50	20261050	0.132231404958677	0.0483383685800583	0.0483387423677407	0.00639185039075234	TRUE	0.0700000000000003
mediation	1	20261101	0.999999999999944	0.999999999999944	0.0483533636300735	0.999999999999944	TRUE	0.069
mediation	2	20261102	1.00000000000001	1.00000000000001	0.0483458987749022	1.00000000000001	TRUE	0.0699999999999994
mediation	3	20261103	0.999999999999998	0.999999999999998	0.0488708943208253	0.999999999999998	TRUE	0.0700000000000003
mediation	4	20261104	1.00000000000005	1.00000000000005	0.0483448334044097	1.00000000000005	TRUE	0.0699999999999994
mediation	5	20261105	1.00000000000002	1.00000000000002	0.0483404220167854	1.00000000000002	TRUE	0.0650000000000004
mediation	6	20261106	0.999999999999987	0.999999999999987	0.0483477754327087	0.999999999999987	TRUE	0.069
mediation	7	20261107	0.999999999999998	0.999999999999998	0.0483505346215253	0.999999999999998	TRUE	0.0680000000000005
mediation	8	20261108	1.00000000000004	1.00000000000004	0.0484569463732866	1.00000000000004	TRUE	0.0710000000000006
mediation	9	20261109	0.999999999999996	0.999999999999996	0.0495985477690571	0.999999999999996	TRUE	0.0700000000000003
mediation	10	20261110	0.999999999999979	0.999999999999979	0.0483433391236685	0.999999999999979	TRUE	0.0699999999999994
mediation	11	20261111	0.999999999999946	0.999999999999946	0.0483395791810607	0.999999999999946	TRUE	0.0650000000000004
mediation	12	20261112	0.999999999999982	0.999999999999982	0.0483842584331661	0.999999999999982	TRUE	0.069
mediation	13	20261113	0.999999999999993	0.999999999999993	0.0483454851826838	0.999999999999993	TRUE	0.0700000000000003
mediation	14	20261114	0.99999999999995	0.99999999999995	0.0483393581265962	0.99999999999995	TRUE	0.0700000000000003
mediation	15	20261115	0.99999999999995	0.99999999999995	0.048342076452543	0.99999999999995	TRUE	0.0699999999999994
mediation	16	20261116	1.00000000000004	1.00000000000004	0.0483476944602993	1.00000000000004	TRUE	0.0700000000000003
mediation	17	20261117	1.00000000000002	1.00000000000002	0.048343885512596	1.00000000000002	TRUE	0.069
mediation	18	20261118	1.00000000000003	1.00000000000003	0.0483511692052997	1.00000000000003	TRUE	0.0710000000000006
mediation	19	20261119	0.99999999999995	0.99999999999995	0.0483551501168286	0.99999999999995	TRUE	0.069
mediation	20	20261120	1.00000000000001	1.00000000000001	0.0483397701932103	1.00000000000001	TRUE	0.069
mediation	21	20261121	0.99999999999998	0.99999999999998	0.0483550611328885	0.99999999999998	TRUE	0.069
mediation	22	20261122	0.999999999999945	0.999999999999945	0.0483422132976724	0.999999999999945	TRUE	0.069
mediation	23	20261123	1.00000000000003	1.00000000000003	0.0483466844395236	1.00000000000003	TRUE	0.0700000000000003
mediation	24	20261124	1.00000000000002	1.00000000000002	0.0484745973758125	1.00000000000002	TRUE	0.0699999999999994
mediation	25	20261125	0.99999999999995	0.99999999999995	0.0483410333460569	0.99999999999995	TRUE	0.069
mediation	26	20261126	1.00000000000002	1.00000000000002	0.0483398007223087	1.00000000000002	TRUE	0.069
mediation	27	20261127	0.999999999999957	0.999999999999957	0.0483510389324057	0.999999999999957	TRUE	0.0700000000000003
mediation	28	20261128	0.999999999999987	0.999999999999987	0.0486041384683279	0.999999999999987	TRUE	0.069
mediation	29	20261129	1	1	0.0483963631291074	1	TRUE	0.069
mediation	30	20261130	1.00000000000005	1.00000000000005	0.0483681557824399	1.00000000000005	TRUE	0.069
mediation	31	20261131	1	1	0.0483436788896472	1	TRUE	0.069
mediation	32	20261132	0.999999999999998	0.999999999999998	0.0483648416587257	0.999999999999998	TRUE	0.069
mediation	33	20261133	0.999999999999966	0.999999999999966	0.048354722764246	0.999999999999966	TRUE	0.0679999999999996
mediation	34	20261134	1.00000000000005	1.00000000000005	0.0484025095925124	1.00000000000005	TRUE	0.0699999999999994
mediation	35	20261135	0.999999999999997	0.999999999999997	0.0500547919399094	0.999999999999997	TRUE	0.0680000000000005
mediation	36	20261136	0.999999999999966	0.999999999999966	0.048344671318794	0.999999999999966	TRUE	0.0680000000000005
mediation	37	20261137	0.999999999999979	0.999999999999979	0.048342308611074	0.999999999999979	TRUE	0.0700000000000003
mediation	38	20261138	0.999999999999979	0.999999999999979	0.0483391431677115	0.999999999999979	TRUE	0.069
mediation	39	20261139	1.00000000000002	1.00000000000002	0.0483783985965454	1.00000000000002	TRUE	0.069
mediation	40	20261140	1.00000000000003	1.00000000000003	0.04835698359221	1.00000000000003	TRUE	0.0700000000000003
mediation	41	20261141	0.99999999999999	0.99999999999999	0.0483538074635874	0.99999999999999	TRUE	0.0679999999999996
mediation	42	20261142	1.00000000000002	1.00000000000002	0.0483740796235112	1.00000000000002	TRUE	0.0670000000000002
mediation	43	20261143	0.999999999999984	0.999999999999984	0.0483830476936534	0.999999999999984	TRUE	0.069
mediation	44	20261144	0.999999999999978	0.999999999999978	0.0483409662732278	0.999999999999978	TRUE	0.069
mediation	45	20261145	0.999999999999996	0.999999999999996	0.0483433297551168	0.999999999999996	TRUE	0.0699999999999994
mediation	46	20261146	0.999999999999983	0.999999999999983	0.0483827770066765	0.999999999999983	TRUE	0.0690000000000008
mediation	47	20261147	0.999999999999946	0.999999999999946	0.0483485822537202	0.999999999999946	TRUE	0.0680000000000014
mediation	48	20261148	1	1	0.0483411064712806	1	TRUE	0.0690000000000008
mediation	49	20261149	1.00000000000002	1.00000000000002	0.048358783627868	1.00000000000002	TRUE	0.0700000000000003
mediation	50	20261150	1.00000000000001	1.00000000000001	0.0483436831340357	1.00000000000001	TRUE	0.0700000000000003
pleiotropy	1	20261201	0.999999999999996	0.0505051066254594	0.999999999999996	0.0505051066254594	TRUE	0.0690000000000008
pleiotropy	2	20261202	1.00000000000002	0.048419484460887	1.00000000000002	0.048419484460887	TRUE	0.0700000000000003
pleiotropy	3	20261203	0.999999999999998	0.0530217743858747	0.999999999999998	0.0530217743858747	TRUE	0.0690000000000008
pleiotropy	4	20261204	1.00000000000001	0.0527407047786874	1.00000000000001	0.0527407047786874	TRUE	0.0660000000000007
pleiotropy	5	20261205	1.00000000000001	0.0490081906849923	1.00000000000001	0.0490081906849923	TRUE	0.0689999999999991
pleiotropy	6	20261206	0.99999999999998	0.0492542554858768	0.99999999999998	0.0492542554858768	TRUE	0.0689999999999991
pleiotropy	7	20261207	0.999999999999977	0.052309847596212	0.999999999999977	0.052309847596212	TRUE	0.0709999999999997
pleiotropy	8	20261208	0.999999999999986	0.0483963536477718	0.999999999999986	0.0483963536477718	TRUE	0.0709999999999997
pleiotropy	9	20261209	1	0.0483969570233239	1	0.0483969570233239	TRUE	0.0690000000000008
pleiotropy	10	20261210	0.999999999999993	0.0486898960441691	0.999999999999993	0.0486898960441691	TRUE	0.0700000000000003
pleiotropy	11	20261211	0.999999999999987	0.0486772235596643	0.999999999999987	0.0486772235596643	TRUE	0.0689999999999991
pleiotropy	12	20261212	0.999999999999972	0.0518074174160371	0.999999999999972	0.0518074174160371	TRUE	0.0689999999999991
pleiotropy	13	20261213	0.999999999999995	0.0516425990733668	0.999999999999995	0.0516425990733668	TRUE	0.0689999999999991
pleiotropy	14	20261214	1.00000000000001	0.0485792720115537	1.00000000000001	0.0485792720115537	TRUE	0.0699999999999985
pleiotropy	15	20261215	0.999999999999994	0.0485076561758759	0.999999999999994	0.0485076561758759	TRUE	0.0699999999999985
pleiotropy	16	20261216	0.999999999999999	0.0507505850118322	0.999999999999999	0.0507505850118322	TRUE	0.0689999999999991
pleiotropy	17	20261217	1.00000000000003	0.0486153585631751	1.00000000000003	0.0486153585631751	TRUE	0.0700000000000003
pleiotropy	18	20261218	0.999999999999973	0.0490413801836975	0.999999999999973	0.0490413801836975	TRUE	0.0689999999999991
pleiotropy	19	20261219	0.999999999999976	0.0499820721732384	0.999999999999976	0.0499820721732384	TRUE	0.0690000000000008
pleiotropy	20	20261220	1.00000000000002	0.0547079850544698	1.00000000000002	0.0547079850544698	TRUE	0.0700000000000003
pleiotropy	21	20261221	0.999999999999982	0.0485382872486182	0.999999999999982	0.0485382872486182	TRUE	0.0709999999999997
pleiotropy	22	20261222	0.99999999999999	0.0517653013499424	0.99999999999999	0.0517653013499424	TRUE	0.0670000000000002
pleiotropy	23	20261223	0.99999999999999	0.0544341601758623	0.99999999999999	0.0544341601758623	TRUE	0.0700000000000003
pleiotropy	24	20261224	0.999999999999972	0.0509598297483245	0.999999999999972	0.0509598297483245	TRUE	0.0700000000000003
pleiotropy	25	20261225	0.999999999999973	0.0485806728842181	0.999999999999973	0.0485806728842181	TRUE	0.0700000000000003
pleiotropy	26	20261226	0.999999999999997	0.0492097878316649	0.999999999999997	0.0492097878316649	TRUE	0.0690000000000008
pleiotropy	27	20261227	0.999999999999988	0.052978455470519	0.999999999999988	0.052978455470519	TRUE	0.0689999999999991
pleiotropy	28	20261228	1.00000000000001	0.0484842659487591	1.00000000000001	0.0484842659487591	TRUE	0.0640000000000001
pleiotropy	29	20261229	0.999999999999981	0.0496860675913952	0.999999999999981	0.0496860675913952	TRUE	0.0690000000000008
pleiotropy	30	20261230	0.999999999999998	0.0487542360957722	0.999999999999998	0.0487542360957722	TRUE	0.0690000000000008
pleiotropy	31	20261231	1.00000000000002	0.049346882692918	1.00000000000002	0.049346882692918	TRUE	0.0700000000000003
pleiotropy	32	20261232	0.999999999999993	0.056776846488281	0.999999999999993	0.056776846488281	TRUE	0.0679999999999996
pleiotropy	33	20261233	1.00000000000001	0.0544459085515996	1.00000000000001	0.0544459085515996	TRUE	0.0700000000000003
pleiotropy	34	20261234	1.00000000000003	0.0484806506220139	1.00000000000003	0.0484806506220139	TRUE	0.0699999999999985
pleiotropy	35	20261235	0.999999999999996	0.0513689935240606	0.999999999999996	0.0513689935240606	TRUE	0.0699999999999985
pleiotropy	36	20261236	0.999999999999989	0.0538054601211104	0.999999999999989	0.0538054601211104	TRUE	0.0700000000000003
pleiotropy	37	20261237	0.999999999999975	0.0486411736277272	0.999999999999975	0.0486411736277272	TRUE	0.0690000000000008
pleiotropy	38	20261238	0.999999999999996	0.0656155535675032	0.999999999999996	0.0656155535675032	TRUE	0.0690000000000008
pleiotropy	39	20261239	0.999999999999979	0.0509345548311113	0.999999999999979	0.0509345548311113	TRUE	0.0700000000000003
pleiotropy	40	20261240	1.00000000000003	0.0508950700295859	1.00000000000003	0.0508950700295859	TRUE	0.0690000000000008
pleiotropy	41	20261241	1.00000000000001	0.049514718493289	1.00000000000001	0.049514718493289	TRUE	0.0679999999999996
pleiotropy	42	20261242	0.999999999999996	0.0491150710353795	0.999999999999996	0.0491150710353795	TRUE	0.0690000000000008
pleiotropy	43	20261243	1	0.050214348477662	1	0.050214348477662	TRUE	0.0700000000000003
pleiotropy	44	20261244	0.999999999999961	0.0491022811996623	0.999999999999961	0.0491022811996623	TRUE	0.0679999999999996
pleiotropy	45	20261245	1.00000000000002	0.0491422092655763	1.00000000000002	0.0491422092655763	TRUE	0.0689999999999991
pleiotropy	46	20261246	0.99999999999999	0.0485746189448457	0.99999999999999	0.0485746189448457	TRUE	0.0700000000000003
pleiotropy	47	20261247	0.999999999999973	0.0495318389177981	0.999999999999973	0.0495318389177981	TRUE	0.0689999999999991
pleiotropy	48	20261248	1	0.0487491987860856	1	0.0487491987860856	TRUE	0.0689999999999991
pleiotropy	49	20261249	0.999999999999988	0.11629749914266	0.999999999999988	0.11629749914266	TRUE	0.0690000000000008
pleiotropy	50	20261250	0.999999999999989	0.0496265282159228	0.999999999999989	0.0496265282159228	TRUE	0.0690000000000008
coexistence	1	20261301	1	1	1	1	TRUE	0.0700000000000003
coexistence	2	20261302	1	1	1	1	TRUE	0.0700000000000003
coexistence	3	20261303	1	1	1	1	TRUE	0.0689999999999991
coexistence	4	20261304	1	1	1	1	TRUE	0.0709999999999997
coexistence	5	20261305	1	1	1	1	TRUE	0.0690000000000008
coexistence	6	20261306	1	1	1	1	TRUE	0.0700000000000003
coexistence	7	20261307	1	1	1	1	TRUE	0.0690000000000008
coexistence	8	20261308	1	1	1	1	TRUE	0.0690000000000008
coexistence	9	20261309	1	1	1	1	TRUE	0.0690000000000008
coexistence	10	20261310	1	1	1	1	TRUE	0.0690000000000008
coexistence	11	20261311	1	1	1	1	TRUE	0.0700000000000003
coexistence	12	20261312	1	1	1	1	TRUE	0.0700000000000003
coexistence	13	20261313	1	1	1	1	TRUE	0.0700000000000003
coexistence	14	20261314	1	1	1	1	TRUE	0.0670000000000002
coexistence	15	20261315	1	1	1	1	TRUE	0.0679999999999996
coexistence	16	20261316	1	1	1	1	TRUE	0.0699999999999985
coexistence	17	20261317	1	1	1	1	TRUE	0.0689999999999991
coexistence	18	20261318	1	1	1	1	TRUE	0.0700000000000003
coexistence	19	20261319	1	1	1	1	TRUE	0.0689999999999991
coexistence	20	20261320	1	1	1	1	TRUE	0.0689999999999991
coexistence	21	20261321	1	1	1	1	TRUE	0.0649999999999995
coexistence	22	20261322	1	1	1	1	TRUE	0.0680000000000014
coexistence	23	20261323	1	1	1	1	TRUE	0.0689999999999991
coexistence	24	20261324	1	1	1	1	TRUE	0.0709999999999997
coexistence	25	20261325	1	1	1	1	TRUE	0.0690000000000008
coexistence	26	20261326	1	1	1	1	TRUE	0.0690000000000008
coexistence	27	20261327	1	1	1	1	TRUE	0.0709999999999997
coexistence	28	20261328	1	1	1	1	TRUE	0.0709999999999997
coexistence	29	20261329	1	1	1	1	TRUE	0.0699999999999985
coexistence	30	20261330	1	1	1	1	TRUE	0.0710000000000015
coexistence	31	20261331	1	1	1	1	TRUE	0.0699999999999985
coexistence	32	20261332	1	1	1	1	TRUE	0.0689999999999991
coexistence	33	20261333	1	1	1	1	TRUE	0.0690000000000008
coexistence	34	20261334	1	1	1	1	TRUE	0.0700000000000003
coexistence	35	20261335	1	1	1	1	TRUE	0.0690000000000008
coexistence	36	20261336	1	1	1	1	TRUE	0.0700000000000003
coexistence	37	20261337	1	1	1	1	TRUE	0.0709999999999997
coexistence	38	20261338	1	1	1	1	TRUE	0.0699999999999985
coexistence	39	20261339	1	1	1	1	TRUE	0.0700000000000003
coexistence	40	20261340	1	1	1	1	TRUE	0.0649999999999995
coexistence	41	20261341	1	1	1	1	TRUE	0.0690000000000008
coexistence	42	20261342	1	1	1	1	TRUE	0.0689999999999991
coexistence	43	20261343	1	1	1	1	TRUE	0.0689999999999991
coexistence	44	20261344	1	1	1	1	TRUE	0.0690000000000026
coexistence	45	20261345	1	1	1	1	TRUE	0.0700000000000003
coexistence	46	20261346	1	1	1	1	TRUE	0.0689999999999991
coexistence	47	20261347	1	1	1	1	TRUE	0.0690000000000026
coexistence	48	20261348	1	1	1	1	TRUE	0.065999999999999
coexistence	49	20261349	1	1	1	1	TRUE	0.0679999999999978
coexistence	50	20261350	1	1	1	1	TRUE	0.0679999999999978
