scenario	replicate	proteins
baseline	1	100
baseline	2	100
baseline	3	100
baseline	4	100
baseline	5	100
baseline	6	100
baseline	7	100
baseline	8	100
baseline	9	100
baseline	10	100
baseline	11	100
baseline	12	100
baseline	13	100
baseline	14	100
baseline	15	100
baseline	16	100
baseline	17	100
baseline	18	100
baseline	19	100
baseline	20	100
baseline	21	100
baseline	22	100
baseline	23	100
baseline	24	100
baseline	25	100
baseline	26	100
baseline	27	100
baseline	28	100
baseline	29	100
baseline	30	100
baseline	31	100
baseline	32	100
baseline	33	100
baseline	34	100
baseline	35	100
baseline	36	100
baseline	37	100
baseline	38	100
baseline	39	100
baseline	40	100
baseline	41	100
baseline	42	100
baseline	43	100
baseline	44	100
baseline	45	100
baseline	46	100
baseline	47	100
baseline	48	100
baseline	49	100
baseline	50	100
rare	1	100
rare	2	100
rare	3	100
rare	4	100
rare	5	100
rare	6	100
rare	7	100
rare	8	100
rare	9	100
rare	10	100
rare	11	100
rare	12	100
rare	13	100
rare	14	100
rare	15	100
rare	16	100
rare	17	100
rare	18	100
rare	19	100
rare	20	100
rare	21	100
rare	22	100
rare	23	100
rare	24	100
rare	25	100
rare	26	100
rare	27	100
rare	28	100
rare	29	100
rare	30	100
rare	31	100
rare	32	100
rare	33	100
rare	34	100
rare	35	100
rare	36	100
rare	37	100
rare	38	100
rare	39	100
rare	40	100
rare	41	100
rare	42	100
rare	43	100
rare	44	100
rare	45	100
rare	46	100
rare	47	100
rare	48	100
rare	49	100
rare	50	100
composite_null	1	100
composite_null	2	100
composite_null	3	100
composite_null	4	100
composite_null	5	100
composite_null	6	100
composite_null	7	100
composite_null	8	100
composite_null	9	100
composite_null	10	100
composite_null	11	100
composite_null	12	100
composite_null	13	100
composite_null	14	100
composite_null	15	100
composite_null	16	100
composite_null	17	100
composite_null	18	100
composite_null	19	100
composite_null	20	100
composite_null	21	100
composite_null	22	100
composite_null	23	100
composite_null	24	100
composite_null	25	100
composite_null	26	100
composite_null	27	100
composite_null	28	100
composite_null	29	100
composite_null	30	100
composite_null	31	100
composite_null	32	100
composite_null	33	100
composite_null	34	100
composite_null	35	100
composite_null	36	100
composite_null	37	100
composite_null	38	100
composite_null	39	100
composite_null	40	100
composite_null	41	100
composite_null	42	100
composite_null	43	100
composite_null	44	100
composite_null	45	100
composite_null	46	100
composite_null	47	100
composite_null	48	100
composite_null	49	100
composite_null	50	100
mixed	1	100
mixed	2	100
mixed	3	100
mixed	4	100
mixed	5	100
mixed	6	100
mixed	7	100
mixed	8	100
mixed	9	100
mixed	10	100
mixed	11	100
mixed	12	100
mixed	13	100
mixed	14	100
mixed	15	100
mixed	16	100
mixed	17	100
mixed	18	100
mixed	19	100
mixed	20	100
mixed	21	100
mixed	22	100
mixed	23	100
mixed	24	100
mixed	25	100
mixed	26	100
mixed	27	100
mixed	28	100
mixed	29	100
mixed	30	100
mixed	31	100
mixed	32	100
mixed	33	100
mixed	34	100
mixed	35	100
mixed	36	100
mixed	37	100
mixed	38	100
mixed	39	100
mixed	40	100
mixed	41	100
mixed	42	100
mixed	43	100
mixed	44	100
mixed	45	100
mixed	46	100
mixed	47	100
mixed	48	100
mixed	49	100
mixed	50	100
strong_ld	1	100
strong_ld	2	100
strong_ld	3	100
strong_ld	4	100
strong_ld	5	100
strong_ld	6	100
strong_ld	7	100
strong_ld	8	100
strong_ld	9	100
strong_ld	10	100
strong_ld	11	100
strong_ld	12	100
strong_ld	13	100
strong_ld	14	100
strong_ld	15	100
strong_ld	16	100
strong_ld	17	100
strong_ld	18	100
strong_ld	19	100
strong_ld	20	100
strong_ld	21	100
strong_ld	22	100
strong_ld	23	100
strong_ld	24	100
strong_ld	25	100
strong_ld	26	100
strong_ld	27	100
strong_ld	28	100
strong_ld	29	100
strong_ld	30	100
strong_ld	31	100
strong_ld	32	100
strong_ld	33	100
strong_ld	34	100
strong_ld	35	100
strong_ld	36	100
strong_ld	37	100
strong_ld	38	100
strong_ld	39	100
strong_ld	40	100
strong_ld	41	100
strong_ld	42	100
strong_ld	43	100
strong_ld	44	100
strong_ld	45	100
strong_ld	46	100
strong_ld	47	100
strong_ld	48	100
strong_ld	49	100
strong_ld	50	100
ld_mismatch	1	100
ld_mismatch	2	100
ld_mismatch	3	100
ld_mismatch	4	100
ld_mismatch	5	100
ld_mismatch	6	100
ld_mismatch	7	100
ld_mismatch	8	100
ld_mismatch	9	100
ld_mismatch	10	100
ld_mismatch	11	100
ld_mismatch	12	100
ld_mismatch	13	100
ld_mismatch	14	100
ld_mismatch	15	100
ld_mismatch	16	100
ld_mismatch	17	100
ld_mismatch	18	100
ld_mismatch	19	100
ld_mismatch	20	100
ld_mismatch	21	100
ld_mismatch	22	100
ld_mismatch	23	100
ld_mismatch	24	100
ld_mismatch	25	100
ld_mismatch	26	100
ld_mismatch	27	100
ld_mismatch	28	100
ld_mismatch	29	100
ld_mismatch	30	100
ld_mismatch	31	100
ld_mismatch	32	100
ld_mismatch	33	100
ld_mismatch	34	100
ld_mismatch	35	100
ld_mismatch	36	100
ld_mismatch	37	100
ld_mismatch	38	100
ld_mismatch	39	100
ld_mismatch	40	100
ld_mismatch	41	100
ld_mismatch	42	100
ld_mismatch	43	100
ld_mismatch	44	100
ld_mismatch	45	100
ld_mismatch	46	100
ld_mismatch	47	100
ld_mismatch	48	100
ld_mismatch	49	100
ld_mismatch	50	100
scale_uncertainty	1	100
scale_uncertainty	2	100
scale_uncertainty	3	100
scale_uncertainty	4	100
scale_uncertainty	5	100
scale_uncertainty	6	100
scale_uncertainty	7	100
scale_uncertainty	8	100
scale_uncertainty	9	100
scale_uncertainty	10	100
scale_uncertainty	11	100
scale_uncertainty	12	100
scale_uncertainty	13	100
scale_uncertainty	14	100
scale_uncertainty	15	100
scale_uncertainty	16	100
scale_uncertainty	17	100
scale_uncertainty	18	100
scale_uncertainty	19	100
scale_uncertainty	20	100
scale_uncertainty	21	100
scale_uncertainty	22	100
scale_uncertainty	23	100
scale_uncertainty	24	100
scale_uncertainty	25	100
scale_uncertainty	26	100
scale_uncertainty	27	100
scale_uncertainty	28	100
scale_uncertainty	29	100
scale_uncertainty	30	100
scale_uncertainty	31	100
scale_uncertainty	32	100
scale_uncertainty	33	100
scale_uncertainty	34	100
scale_uncertainty	35	100
scale_uncertainty	36	100
scale_uncertainty	37	100
scale_uncertainty	38	100
scale_uncertainty	39	100
scale_uncertainty	40	100
scale_uncertainty	41	100
scale_uncertainty	42	100
scale_uncertainty	43	100
scale_uncertainty	44	100
scale_uncertainty	45	100
scale_uncertainty	46	100
scale_uncertainty	47	100
scale_uncertainty	48	100
scale_uncertainty	49	100
scale_uncertainty	50	100
undeclared_overlap	1	100
undeclared_overlap	2	100
undeclared_overlap	3	100
undeclared_overlap	4	100
undeclared_overlap	5	100
undeclared_overlap	6	100
undeclared_overlap	7	100
undeclared_overlap	8	100
undeclared_overlap	9	100
undeclared_overlap	10	100
undeclared_overlap	11	100
undeclared_overlap	12	100
undeclared_overlap	13	100
undeclared_overlap	14	100
undeclared_overlap	15	100
undeclared_overlap	16	100
undeclared_overlap	17	100
undeclared_overlap	18	100
undeclared_overlap	19	100
undeclared_overlap	20	100
undeclared_overlap	21	100
undeclared_overlap	22	100
undeclared_overlap	23	100
undeclared_overlap	24	100
undeclared_overlap	25	100
undeclared_overlap	26	100
undeclared_overlap	27	100
undeclared_overlap	28	100
undeclared_overlap	29	100
undeclared_overlap	30	100
undeclared_overlap	31	100
undeclared_overlap	32	100
undeclared_overlap	33	100
undeclared_overlap	34	100
undeclared_overlap	35	100
undeclared_overlap	36	100
undeclared_overlap	37	100
undeclared_overlap	38	100
undeclared_overlap	39	100
undeclared_overlap	40	100
undeclared_overlap	41	100
undeclared_overlap	42	100
undeclared_overlap	43	100
undeclared_overlap	44	100
undeclared_overlap	45	100
undeclared_overlap	46	100
undeclared_overlap	47	100
undeclared_overlap	48	100
undeclared_overlap	49	100
undeclared_overlap	50	100
weak_paths	1	100
weak_paths	2	100
weak_paths	3	100
weak_paths	4	100
weak_paths	5	100
weak_paths	6	100
weak_paths	7	100
weak_paths	8	100
weak_paths	9	100
weak_paths	10	100
weak_paths	11	100
weak_paths	12	100
weak_paths	13	100
weak_paths	14	100
weak_paths	15	100
weak_paths	16	100
weak_paths	17	100
weak_paths	18	100
weak_paths	19	100
weak_paths	20	100
weak_paths	21	100
weak_paths	22	100
weak_paths	23	100
weak_paths	24	100
weak_paths	25	100
weak_paths	26	100
weak_paths	27	100
weak_paths	28	100
weak_paths	29	100
weak_paths	30	100
weak_paths	31	100
weak_paths	32	100
weak_paths	33	100
weak_paths	34	100
weak_paths	35	100
weak_paths	36	100
weak_paths	37	100
weak_paths	38	100
weak_paths	39	100
weak_paths	40	100
weak_paths	41	100
weak_paths	42	100
weak_paths	43	100
weak_paths	44	100
weak_paths	45	100
weak_paths	46	100
weak_paths	47	100
weak_paths	48	100
weak_paths	49	100
weak_paths	50	100
aligned_sensitivity	1	100
aligned_sensitivity	2	100
aligned_sensitivity	3	100
aligned_sensitivity	4	100
aligned_sensitivity	5	100
aligned_sensitivity	6	100
aligned_sensitivity	7	100
aligned_sensitivity	8	100
aligned_sensitivity	9	100
aligned_sensitivity	10	100
aligned_sensitivity	11	100
aligned_sensitivity	12	100
aligned_sensitivity	13	100
aligned_sensitivity	14	100
aligned_sensitivity	15	100
aligned_sensitivity	16	100
aligned_sensitivity	17	100
aligned_sensitivity	18	100
aligned_sensitivity	19	100
aligned_sensitivity	20	100
aligned_sensitivity	21	100
aligned_sensitivity	22	100
aligned_sensitivity	23	100
aligned_sensitivity	24	100
aligned_sensitivity	25	100
aligned_sensitivity	26	100
aligned_sensitivity	27	100
aligned_sensitivity	28	100
aligned_sensitivity	29	100
aligned_sensitivity	30	100
aligned_sensitivity	31	100
aligned_sensitivity	32	100
aligned_sensitivity	33	100
aligned_sensitivity	34	100
aligned_sensitivity	35	100
aligned_sensitivity	36	100
aligned_sensitivity	37	100
aligned_sensitivity	38	100
aligned_sensitivity	39	100
aligned_sensitivity	40	100
aligned_sensitivity	41	100
aligned_sensitivity	42	100
aligned_sensitivity	43	100
aligned_sensitivity	44	100
aligned_sensitivity	45	100
aligned_sensitivity	46	100
aligned_sensitivity	47	100
aligned_sensitivity	48	100
aligned_sensitivity	49	100
aligned_sensitivity	50	100
