cell	method	threshold	replicates	mean_selected	mean_true_positive	mean_false_positive	mean_fdp	se_mean_fdp	q95_fdp	fdp_above_target_rate	pooled_fdp	mean_power	replicates_with_calls
aligned_proportional_boundary	adaptive_eBH	0.01	200	0	0	0	0	0	0	0	0	0	0
aligned_proportional_boundary	adaptive_eBH	0.05	200	0	0	0	0	0	0	0	0	0	0
aligned_proportional_boundary	adaptive_eBH	0.1	200	0	0	0	0	0	0	0	0	0	0
aligned_proportional_boundary	balanced_AdaFilter	0.01	200	290.95	145.49	145.46	0.499991	0.00219702	0.553065	1	0.499948	0.583433	200
aligned_proportional_boundary	balanced_AdaFilter	0.05	200	478.49	238.8	239.69	0.500945	0.00165671	0.541149	1	0.50093	0.958012	200
aligned_proportional_boundary	balanced_AdaFilter	0.1	200	494.785	246.8	247.985	0.501203	0.00164345	0.544636	1	0.501197	0.990108	200
aligned_proportional_boundary	balanced_BY	0.01	200	0.025	0.015	0.01	0.01	0.00705328	0	0.01	0.4	6.01601e-05	5
aligned_proportional_boundary	balanced_BY	0.05	200	172.73	86.93	85.8	0.489445	0.00516076	0.563768	0.985	0.496729	0.348576	197
aligned_proportional_boundary	balanced_BY	0.1	200	359.905	180.2	179.705	0.49948	0.00194301	0.543994	1	0.499312	0.722634	200
aligned_proportional_boundary	balanced_p2e_eBH	0.01	200	0	0	0	0	0	0	0	0	0	0
aligned_proportional_boundary	balanced_p2e_eBH	0.05	200	0.01	0.005	0.005	0.005	0.005	0	0.005	0.5	2.1097e-05	2
aligned_proportional_boundary	balanced_p2e_eBH	0.1	200	0.02	0.01	0.01	0.01	0.00705328	0	0.01	0.5	4.05523e-05	4
aligned_proportional_boundary	bayesian_FDR	0.01	200	0	0	0	0	0	0	0	0	0	0
aligned_proportional_boundary	bayesian_FDR	0.05	200	0	0	0	0	0	0	0	0	0	0
aligned_proportional_boundary	bayesian_FDR	0.1	200	0.155	0.07	0.085	0.0666667	0.017524	1	0.07	0.548387	0.000283702	24
aligned_proportional_boundary	directional_BY	0.01	200	0	0	0	0	0	0	0	0	0	0
aligned_proportional_boundary	directional_BY	0.05	200	0	0	0	0	0	0	0	0	0	0
aligned_proportional_boundary	directional_BY	0.1	200	0	0	0	0	0	0	0	0	0	0
aligned_proportional_boundary	directional_eBH	0.01	200	0	0	0	0	0	0	0	0	0	0
aligned_proportional_boundary	directional_eBH	0.05	200	0	0	0	0	0	0	0	0	0	0
aligned_proportional_boundary	directional_eBH	0.1	200	0	0	0	0	0	0	0	0	0	0
balanced_heterogeneity	adaptive_eBH	0.01	200	0	0	0	0	0	0	0	0	0	0
balanced_heterogeneity	adaptive_eBH	0.05	200	0	0	0	0	0	0	0	0	0	0
balanced_heterogeneity	adaptive_eBH	0.1	200	0.005	0	0.005	0.005	0.005	0	0.005	1	0	1
balanced_heterogeneity	balanced_AdaFilter	0.01	200	0.37	0.355	0.015	0.005	0.00310571	0	0.015	0.0405405	0.00725284	48
balanced_heterogeneity	balanced_AdaFilter	0.05	200	2.645	2.515	0.13	0.0238665	0.00574022	0.2	0.1	0.0491493	0.0500341	132
balanced_heterogeneity	balanced_AdaFilter	0.1	200	8.995	8.155	0.84	0.0707922	0.00656822	0.25	0.32	0.0933852	0.162442	186
balanced_heterogeneity	balanced_BY	0.01	200	0	0	0	0	0	0	0	0	0	0
balanced_heterogeneity	balanced_BY	0.05	200	0.005	0.005	0	0	0	0	0	0	9.09091e-05	1
balanced_heterogeneity	balanced_BY	0.1	200	0.025	0.025	0	0	0	0	0	0	0.000474838	5
balanced_heterogeneity	balanced_p2e_eBH	0.01	200	0	0	0	0	0	0	0	0	0	0
balanced_heterogeneity	balanced_p2e_eBH	0.05	200	0	0	0	0	0	0	0	0	0	0
balanced_heterogeneity	balanced_p2e_eBH	0.1	200	0	0	0	0	0	0	0	0	0	0
balanced_heterogeneity	bayesian_FDR	0.01	200	0	0	0	0	0	0	0	0	0	0
balanced_heterogeneity	bayesian_FDR	0.05	200	0	0	0	0	0	0	0	0	0	0
balanced_heterogeneity	bayesian_FDR	0.1	200	0.03	0.03	0	0	0	0	0	0	0.000686981	6
balanced_heterogeneity	directional_BY	0.01	200	0	0	0	0	0	0	0	0	0	0
balanced_heterogeneity	directional_BY	0.05	200	0	0	0	0	0	0	0	0	0	0
balanced_heterogeneity	directional_BY	0.1	200	0	0	0	0	0	0	0	0	0	0
balanced_heterogeneity	directional_eBH	0.01	200	0	0	0	0	0	0	0	0	0	0
balanced_heterogeneity	directional_eBH	0.05	200	0	0	0	0	0	0	0	0	0	0
balanced_heterogeneity	directional_eBH	0.1	200	0	0	0	0	0	0	0	0	0	0
broad_balanced	adaptive_eBH	0.01	200	0.005	0.005	0	0	0	0	0	0	0.000108696	1
broad_balanced	adaptive_eBH	0.05	200	0.035	0.035	0	0	0	0	0	0	0.000640899	7
broad_balanced	adaptive_eBH	0.1	200	0.065	0.065	0	0	0	0	0	0	0.00118304	12
broad_balanced	balanced_AdaFilter	0.01	200	42.245	41.925	0.32	0.00763728	0.000955104	0.0294563	0.28	0.00757486	0.835334	200
broad_balanced	balanced_AdaFilter	0.05	200	50.645	48.695	1.95	0.0378649	0.00198976	0.1	0.25	0.0385033	0.973036	200
broad_balanced	balanced_AdaFilter	0.1	200	53.765	49.55	4.215	0.0774241	0.00263011	0.154049	0.215	0.0783967	0.990417	200
broad_balanced	balanced_BY	0.01	200	17.625	17.6	0.025	0.00101894	0.000455253	0	0.025	0.00141844	0.345901	196
broad_balanced	balanced_BY	0.05	200	39.99	39.77	0.22	0.00536794	0.000783468	0.0285714	0	0.00550138	0.791681	200
broad_balanced	balanced_BY	0.1	200	45.075	44.54	0.535	0.0119858	0.00119197	0.0445478	0	0.0118691	0.888608	200
broad_balanced	balanced_p2e_eBH	0.01	200	0.085	0.085	0	0	0	0	0	0	0.00178686	14
broad_balanced	balanced_p2e_eBH	0.05	200	4.985	4.985	0	0	0	0	0	0	0.0969391	139
broad_balanced	balanced_p2e_eBH	0.1	200	20.65	20.625	0.025	0.000914862	0.000407095	0	0	0.00121065	0.403426	194
broad_balanced	bayesian_FDR	0.01	200	0.285	0.285	0	0	0	0	0	0	0.00562003	43
broad_balanced	bayesian_FDR	0.05	200	11.57	11.57	0	0	0	0	0	0	0.230165	198
broad_balanced	bayesian_FDR	0.1	200	27.835	27.82	0.015	0.00057724	0.000335433	0	0	0.00053889	0.554543	200
broad_balanced	directional_BY	0.01	200	0	0	0	0	0	0	0	0	0	0
broad_balanced	directional_BY	0.05	200	0	0	0	0	0	0	0	0	0	0
broad_balanced	directional_BY	0.1	200	0	0	0	0	0	0	0	0	0	0
broad_balanced	directional_eBH	0.01	200	0	0	0	0	0	0	0	0	0	0
broad_balanced	directional_eBH	0.05	200	0	0	0	0	0	0	0	0	0	0
broad_balanced	directional_eBH	0.1	200	0	0	0	0	0	0	0	0	0	0
dense_cross_protein_dependence	adaptive_eBH	0.01	200	0	0	0	0	0	0	0	0	0	0
dense_cross_protein_dependence	adaptive_eBH	0.05	200	0	0	0	0	0	0	0	0	0	0
dense_cross_protein_dependence	adaptive_eBH	0.1	200	0	0	0	0	0	0	0	0	0	0
dense_cross_protein_dependence	balanced_AdaFilter	0.01	200	7.725	7.69	0.035	0.0045612	0.0020799	0	0.035	0.00453074	0.149929	172
dense_cross_protein_dependence	balanced_AdaFilter	0.05	200	34.525	33.31	1.215	0.0324954	0.0023061	0.0862363	0.28	0.0351919	0.659411	199
dense_cross_protein_dependence	balanced_AdaFilter	0.1	200	46.09	42.57	3.52	0.0734954	0.00274962	0.130492	0.225	0.0763723	0.847093	200
dense_cross_protein_dependence	balanced_BY	0.01	200	0.01	0.01	0	0	0	0	0	0	0.000178628	2
dense_cross_protein_dependence	balanced_BY	0.05	200	0.425	0.425	0	0	0	0	0	0	0.00835419	27
dense_cross_protein_dependence	balanced_BY	0.1	200	4.395	4.385	0.01	0.000592949	0.000436493	0	0	0.00227531	0.084339	93
dense_cross_protein_dependence	balanced_p2e_eBH	0.01	200	0	0	0	0	0	0	0	0	0	0
dense_cross_protein_dependence	balanced_p2e_eBH	0.05	200	0	0	0	0	0	0	0	0	0	0
dense_cross_protein_dependence	balanced_p2e_eBH	0.1	200	0	0	0	0	0	0	0	0	0	0
dense_cross_protein_dependence	bayesian_FDR	0.01	200	0	0	0	0	0	0	0	0	0	0
dense_cross_protein_dependence	bayesian_FDR	0.05	200	0	0	0	0	0	0	0	0	0	0
dense_cross_protein_dependence	bayesian_FDR	0.1	200	0.015	0.015	0	0	0	0	0	0	0.000333333	1
dense_cross_protein_dependence	directional_BY	0.01	200	0	0	0	0	0	0	0	0	0	0
dense_cross_protein_dependence	directional_BY	0.05	200	0	0	0	0	0	0	0	0	0	0
dense_cross_protein_dependence	directional_BY	0.1	200	0	0	0	0	0	0	0	0	0	0
dense_cross_protein_dependence	directional_eBH	0.01	200	0	0	0	0	0	0	0	0	0	0
dense_cross_protein_dependence	directional_eBH	0.05	200	0	0	0	0	0	0	0	0	0	0
dense_cross_protein_dependence	directional_eBH	0.1	200	0	0	0	0	0	0	0	0	0	0
directional_pleiotropy	adaptive_eBH	0.01	200	0	0	0	0	0	0	0	0	0	0
directional_pleiotropy	adaptive_eBH	0.05	200	0	0	0	0	0	0	0	0	0	0
directional_pleiotropy	adaptive_eBH	0.1	200	0	0	0	0	0	0	0	0	0	0
directional_pleiotropy	balanced_AdaFilter	0.01	200	29.73	22.275	7.455	0.237093	0.00687038	0.392857	0.965	0.250757	0.44204	200
directional_pleiotropy	balanced_AdaFilter	0.05	200	110.22	46.32	63.9	0.578588	0.00354375	0.656877	1	0.57975	0.927009	200
directional_pleiotropy	balanced_AdaFilter	0.1	200	145.125	49.055	96.07	0.661853	0.00292696	0.726728	1	0.661981	0.982411	200
directional_pleiotropy	balanced_BY	0.01	200	0.07	0.06	0.01	0.00666667	0.00526251	0	0.01	0.142857	0.001191	10
directional_pleiotropy	balanced_BY	0.05	200	9.52	8.215	1.305	0.0895383	0.0081498	0.307692	0.495	0.13708	0.159879	159
directional_pleiotropy	balanced_BY	0.1	200	40.3	27.825	12.475	0.292774	0.00680425	0.425016	0.97	0.309553	0.551583	199
directional_pleiotropy	balanced_p2e_eBH	0.01	200	0	0	0	0	0	0	0	0	0	0
directional_pleiotropy	balanced_p2e_eBH	0.05	200	0	0	0	0	0	0	0	0	0	0
directional_pleiotropy	balanced_p2e_eBH	0.1	200	0.035	0.035	0	0	0	0	0	0	0.000700378	6
directional_pleiotropy	bayesian_FDR	0.01	200	0	0	0	0	0	0	0	0	0	0
directional_pleiotropy	bayesian_FDR	0.05	200	0	0	0	0	0	0	0	0	0	0
directional_pleiotropy	bayesian_FDR	0.1	200	0.11	0.105	0.005	0.005	0.005	0	0.005	0.0454545	0.00209813	17
directional_pleiotropy	directional_BY	0.01	200	0	0	0	0	0	0	0	0	0	0
directional_pleiotropy	directional_BY	0.05	200	0	0	0	0	0	0	0	0	0	0
directional_pleiotropy	directional_BY	0.1	200	0	0	0	0	0	0	0	0	0	0
directional_pleiotropy	directional_eBH	0.01	200	0	0	0	0	0	0	0	0	0	0
directional_pleiotropy	directional_eBH	0.05	200	0	0	0	0	0	0	0	0	0	0
directional_pleiotropy	directional_eBH	0.1	200	0	0	0	0	0	0	0	0	0	0
global_null	adaptive_eBH	0.01	200	0	0	0	0	0	0	0	0	0	0
global_null	adaptive_eBH	0.05	200	0	0	0	0	0	0	0	0	0	0
global_null	adaptive_eBH	0.1	200	0	0	0	0	0	0	0	0	0	0
global_null	balanced_AdaFilter	0.01	200	0	0	0	0	0	0	0	0	0	0
global_null	balanced_AdaFilter	0.05	200	0	0	0	0	0	0	0	0	0	0
global_null	balanced_AdaFilter	0.1	200	0	0	0	0	0	0	0	0	0	0
global_null	balanced_BY	0.01	200	0	0	0	0	0	0	0	0	0	0
global_null	balanced_BY	0.05	200	0	0	0	0	0	0	0	0	0	0
global_null	balanced_BY	0.1	200	0	0	0	0	0	0	0	0	0	0
global_null	balanced_p2e_eBH	0.01	200	0	0	0	0	0	0	0	0	0	0
global_null	balanced_p2e_eBH	0.05	200	0	0	0	0	0	0	0	0	0	0
global_null	balanced_p2e_eBH	0.1	200	0	0	0	0	0	0	0	0	0	0
global_null	bayesian_FDR	0.01	200	0	0	0	0	0	0	0	0	0	0
global_null	bayesian_FDR	0.05	200	0	0	0	0	0	0	0	0	0	0
global_null	bayesian_FDR	0.1	200	0	0	0	0	0	0	0	0	0	0
global_null	directional_BY	0.01	200	0	0	0	0	0	0	0	0	0	0
global_null	directional_BY	0.05	200	0	0	0	0	0	0	0	0	0	0
global_null	directional_BY	0.1	200	0	0	0	0	0	0	0	0	0	0
global_null	directional_eBH	0.01	200	0	0	0	0	0	0	0	0	0	0
global_null	directional_eBH	0.05	200	0	0	0	0	0	0	0	0	0	0
global_null	directional_eBH	0.1	200	0	0	0	0	0	0	0	0	0	0
least_favorable_null	adaptive_eBH	0.01	200	0	0	0	0	0	0	0	0	0	0
least_favorable_null	adaptive_eBH	0.05	200	0	0	0	0	0	0	0	0	0	0
least_favorable_null	adaptive_eBH	0.1	200	0	0	0	0	0	0	0	0	0	0
least_favorable_null	balanced_AdaFilter	0.01	200	0.015	0	0.015	0.015	0.00861663	0	0.015	1	0	3
least_favorable_null	balanced_AdaFilter	0.05	200	0.075	0	0.075	0.06	0.016835	1	0.06	1	0	12
least_favorable_null	balanced_AdaFilter	0.1	200	0.14	0	0.14	0.1	0.0212664	1	0.1	1	0	20
least_favorable_null	balanced_BY	0.01	200	0	0	0	0	0	0	0	0	0	0
least_favorable_null	balanced_BY	0.05	200	0	0	0	0	0	0	0	0	0	0
least_favorable_null	balanced_BY	0.1	200	0	0	0	0	0	0	0	0	0	0
least_favorable_null	balanced_p2e_eBH	0.01	200	0	0	0	0	0	0	0	0	0	0
least_favorable_null	balanced_p2e_eBH	0.05	200	0	0	0	0	0	0	0	0	0	0
least_favorable_null	balanced_p2e_eBH	0.1	200	0	0	0	0	0	0	0	0	0	0
least_favorable_null	bayesian_FDR	0.01	200	0	0	0	0	0	0	0	0	0	0
least_favorable_null	bayesian_FDR	0.05	200	0	0	0	0	0	0	0	0	0	0
least_favorable_null	bayesian_FDR	0.1	200	0	0	0	0	0	0	0	0	0	0
least_favorable_null	directional_BY	0.01	200	0	0	0	0	0	0	0	0	0	0
least_favorable_null	directional_BY	0.05	200	0	0	0	0	0	0	0	0	0	0
least_favorable_null	directional_BY	0.1	200	0	0	0	0	0	0	0	0	0	0
least_favorable_null	directional_eBH	0.01	200	0	0	0	0	0	0	0	0	0	0
least_favorable_null	directional_eBH	0.05	200	0	0	0	0	0	0	0	0	0	0
least_favorable_null	directional_eBH	0.1	200	0	0	0	0	0	0	0	0	0	0
narrow_balanced	adaptive_eBH	0.01	200	0	0	0	0	0	0	0	0	0	0
narrow_balanced	adaptive_eBH	0.05	200	0	0	0	0	0	0	0	0	0	0
narrow_balanced	adaptive_eBH	0.1	200	0	0	0	0	0	0	0	0	0	0
narrow_balanced	balanced_AdaFilter	0.01	200	6.77	6.74	0.03	0.0090625	0.00535189	0	0.03	0.00443131	0.131951	178
narrow_balanced	balanced_AdaFilter	0.05	200	35.645	34.195	1.45	0.0399273	0.00238785	0.102067	0.37	0.0406789	0.675461	200
narrow_balanced	balanced_AdaFilter	0.1	200	47.635	43.845	3.79	0.0781153	0.00292901	0.146341	0.325	0.0795633	0.870073	200
narrow_balanced	balanced_BY	0.01	200	0	0	0	0	0	0	0	0	0	0
narrow_balanced	balanced_BY	0.05	200	0.18	0.18	0	0	0	0	0	0	0.00375786	24
narrow_balanced	balanced_BY	0.1	200	2.495	2.495	0	0	0	0	0	0	0.0485922	92
narrow_balanced	balanced_p2e_eBH	0.01	200	0	0	0	0	0	0	0	0	0	0
narrow_balanced	balanced_p2e_eBH	0.05	200	0	0	0	0	0	0	0	0	0	0
narrow_balanced	balanced_p2e_eBH	0.1	200	0	0	0	0	0	0	0	0	0	0
narrow_balanced	bayesian_FDR	0.01	200	0	0	0	0	0	0	0	0	0	0
narrow_balanced	bayesian_FDR	0.05	200	0	0	0	0	0	0	0	0	0	0
narrow_balanced	bayesian_FDR	0.1	200	0.01	0.01	0	0	0	0	0	0	0.000172666	2
narrow_balanced	directional_BY	0.01	200	0	0	0	0	0	0	0	0	0	0
narrow_balanced	directional_BY	0.05	200	0	0	0	0	0	0	0	0	0	0
narrow_balanced	directional_BY	0.1	200	0	0	0	0	0	0	0	0	0	0
narrow_balanced	directional_eBH	0.01	200	0	0	0	0	0	0	0	0	0	0
narrow_balanced	directional_eBH	0.05	200	0	0	0	0	0	0	0	0	0	0
narrow_balanced	directional_eBH	0.1	200	0	0	0	0	0	0	0	0	0	0
rare_mediation	adaptive_eBH	0.01	200	0	0	0	0	0	0	0	0	0	0
rare_mediation	adaptive_eBH	0.05	200	0	0	0	0	0	0	0	0	0	0
rare_mediation	adaptive_eBH	0.1	200	0	0	0	0	0	0	0	0	0	0
rare_mediation	balanced_AdaFilter	0.01	200	0.36	0.36	0	0	0	0	0	0	0.0728313	51
rare_mediation	balanced_AdaFilter	0.05	200	1.455	1.385	0.07	0.0224762	0.00720677	0.2	0.065	0.04811	0.253254	110
rare_mediation	balanced_AdaFilter	0.1	200	2.575	2.245	0.33	0.0692321	0.0107986	0.4	0.21	0.128155	0.418242	151
rare_mediation	balanced_BY	0.01	200	0.005	0.005	0	0	0	0	0	0	0.000833333	1
rare_mediation	balanced_BY	0.05	200	0.075	0.075	0	0	0	0	0	0	0.0138214	14
rare_mediation	balanced_BY	0.1	200	0.135	0.135	0	0	0	0	0	0	0.028119	26
rare_mediation	balanced_p2e_eBH	0.01	200	0	0	0	0	0	0	0	0	0	0
rare_mediation	balanced_p2e_eBH	0.05	200	0	0	0	0	0	0	0	0	0	0
rare_mediation	balanced_p2e_eBH	0.1	200	0.005	0.005	0	0	0	0	0	0	0.000833333	1
rare_mediation	bayesian_FDR	0.01	200	0	0	0	0	0	0	0	0	0	0
rare_mediation	bayesian_FDR	0.05	200	0	0	0	0	0	0	0	0	0	0
rare_mediation	bayesian_FDR	0.1	200	0.005	0.005	0	0	0	0	0	0	0.00166667	1
rare_mediation	directional_BY	0.01	200	0	0	0	0	0	0	0	0	0	0
rare_mediation	directional_BY	0.05	200	0	0	0	0	0	0	0	0	0	0
rare_mediation	directional_BY	0.1	200	0	0	0	0	0	0	0	0	0	0
rare_mediation	directional_eBH	0.01	200	0	0	0	0	0	0	0	0	0	0
rare_mediation	directional_eBH	0.05	200	0	0	0	0	0	0	0	0	0	0
rare_mediation	directional_eBH	0.1	200	0	0	0	0	0	0	0	0	0	0
sparse_outliers	adaptive_eBH	0.01	200	0.01	0	0.01	0.01	0.00705328	0	0.01	1	0	2
sparse_outliers	adaptive_eBH	0.05	200	0.015	0	0.015	0.015	0.00861663	0	0.015	1	0	3
sparse_outliers	adaptive_eBH	0.1	200	0.025	0.005	0.02	0.02	0.00992434	0	0.02	0.8	0.000102041	5
sparse_outliers	balanced_AdaFilter	0.01	200	1.405	1.39	0.015	0.00416667	0.00248881	0	0.015	0.0106762	0.0275253	106
sparse_outliers	balanced_AdaFilter	0.05	200	9.735	9.505	0.23	0.020661	0.00326015	0.125	0.19	0.0236261	0.188233	192
sparse_outliers	balanced_AdaFilter	0.1	200	19.61	18.675	0.935	0.0423338	0.00322318	0.120061	0.095	0.0476798	0.369451	200
sparse_outliers	balanced_BY	0.01	200	0	0	0	0	0	0	0	0	0	0
sparse_outliers	balanced_BY	0.05	200	0.015	0.015	0	0	0	0	0	0	0.000320901	3
sparse_outliers	balanced_BY	0.1	200	0.245	0.245	0	0	0	0	0	0	0.00481007	26
sparse_outliers	balanced_p2e_eBH	0.01	200	0	0	0	0	0	0	0	0	0	0
sparse_outliers	balanced_p2e_eBH	0.05	200	0	0	0	0	0	0	0	0	0	0
sparse_outliers	balanced_p2e_eBH	0.1	200	0	0	0	0	0	0	0	0	0	0
sparse_outliers	bayesian_FDR	0.01	200	0	0	0	0	0	0	0	0	0	0
sparse_outliers	bayesian_FDR	0.05	200	0	0	0	0	0	0	0	0	0	0
sparse_outliers	bayesian_FDR	0.1	200	0.01	0.01	0	0	0	0	0	0	0.00020979	2
sparse_outliers	directional_BY	0.01	200	0	0	0	0	0	0	0	0	0	0
sparse_outliers	directional_BY	0.05	200	0	0	0	0	0	0	0	0	0	0
sparse_outliers	directional_BY	0.1	200	0	0	0	0	0	0	0	0	0	0
sparse_outliers	directional_eBH	0.01	200	0	0	0	0	0	0	0	0	0	0
sparse_outliers	directional_eBH	0.05	200	0	0	0	0	0	0	0	0	0	0
sparse_outliers	directional_eBH	0.1	200	0	0	0	0	0	0	0	0	0	0
