cell	method	threshold	true_scenario	replicates	total_proteins	selected_proteins	mean_replicate_selection_rate	pooled_selection_rate
aligned_proportional_boundary	adaptive_eBH	0.01	M0	200	0	0	0	nan
aligned_proportional_boundary	adaptive_eBH	0.01	M1	200	49852	0	0	0
aligned_proportional_boundary	adaptive_eBH	0.01	M2	200	0	0	0	nan
aligned_proportional_boundary	adaptive_eBH	0.01	M3	200	0	0	0	nan
aligned_proportional_boundary	adaptive_eBH	0.01	M4	200	0	0	0	nan
aligned_proportional_boundary	adaptive_eBH	0.01	M5	200	50148	0	0	0
aligned_proportional_boundary	adaptive_eBH	0.05	M0	200	0	0	0	nan
aligned_proportional_boundary	adaptive_eBH	0.05	M1	200	49852	0	0	0
aligned_proportional_boundary	adaptive_eBH	0.05	M2	200	0	0	0	nan
aligned_proportional_boundary	adaptive_eBH	0.05	M3	200	0	0	0	nan
aligned_proportional_boundary	adaptive_eBH	0.05	M4	200	0	0	0	nan
aligned_proportional_boundary	adaptive_eBH	0.05	M5	200	50148	0	0	0
aligned_proportional_boundary	adaptive_eBH	0.1	M0	200	0	0	0	nan
aligned_proportional_boundary	adaptive_eBH	0.1	M1	200	49852	0	0	0
aligned_proportional_boundary	adaptive_eBH	0.1	M2	200	0	0	0	nan
aligned_proportional_boundary	adaptive_eBH	0.1	M3	200	0	0	0	nan
aligned_proportional_boundary	adaptive_eBH	0.1	M4	200	0	0	0	nan
aligned_proportional_boundary	adaptive_eBH	0.1	M5	200	50148	0	0	0
aligned_proportional_boundary	balanced_AdaFilter	0.01	M0	200	0	0	0	nan
aligned_proportional_boundary	balanced_AdaFilter	0.01	M1	200	49852	29098	0.583433	0.583688
aligned_proportional_boundary	balanced_AdaFilter	0.01	M2	200	0	0	0	nan
aligned_proportional_boundary	balanced_AdaFilter	0.01	M3	200	0	0	0	nan
aligned_proportional_boundary	balanced_AdaFilter	0.01	M4	200	0	0	0	nan
aligned_proportional_boundary	balanced_AdaFilter	0.01	M5	200	50148	29092	0.580205	0.580123
aligned_proportional_boundary	balanced_AdaFilter	0.05	M0	200	0	0	0	nan
aligned_proportional_boundary	balanced_AdaFilter	0.05	M1	200	49852	47760	0.958012	0.958036
aligned_proportional_boundary	balanced_AdaFilter	0.05	M2	200	0	0	0	nan
aligned_proportional_boundary	balanced_AdaFilter	0.05	M3	200	0	0	0	nan
aligned_proportional_boundary	balanced_AdaFilter	0.05	M4	200	0	0	0	nan
aligned_proportional_boundary	balanced_AdaFilter	0.05	M5	200	50148	47938	0.955962	0.95593
aligned_proportional_boundary	balanced_AdaFilter	0.1	M0	200	0	0	0	nan
aligned_proportional_boundary	balanced_AdaFilter	0.1	M1	200	49852	49360	0.990108	0.990131
aligned_proportional_boundary	balanced_AdaFilter	0.1	M2	200	0	0	0	nan
aligned_proportional_boundary	balanced_AdaFilter	0.1	M3	200	0	0	0	nan
aligned_proportional_boundary	balanced_AdaFilter	0.1	M4	200	0	0	0	nan
aligned_proportional_boundary	balanced_AdaFilter	0.1	M5	200	50148	49597	0.989015	0.989013
aligned_proportional_boundary	balanced_BY	0.01	M0	200	0	0	0	nan
aligned_proportional_boundary	balanced_BY	0.01	M1	200	49852	3	6.01601e-05	6.01781e-05
aligned_proportional_boundary	balanced_BY	0.01	M2	200	0	0	0	nan
aligned_proportional_boundary	balanced_BY	0.01	M3	200	0	0	0	nan
aligned_proportional_boundary	balanced_BY	0.01	M4	200	0	0	0	nan
aligned_proportional_boundary	balanced_BY	0.01	M5	200	50148	2	3.81818e-05	3.98819e-05
aligned_proportional_boundary	balanced_BY	0.05	M0	200	0	0	0	nan
aligned_proportional_boundary	balanced_BY	0.05	M1	200	49852	17386	0.348576	0.348752
aligned_proportional_boundary	balanced_BY	0.05	M2	200	0	0	0	nan
aligned_proportional_boundary	balanced_BY	0.05	M3	200	0	0	0	nan
aligned_proportional_boundary	balanced_BY	0.05	M4	200	0	0	0	nan
aligned_proportional_boundary	balanced_BY	0.05	M5	200	50148	17160	0.342279	0.342187
aligned_proportional_boundary	balanced_BY	0.1	M0	200	0	0	0	nan
aligned_proportional_boundary	balanced_BY	0.1	M1	200	49852	36040	0.722634	0.72294
aligned_proportional_boundary	balanced_BY	0.1	M2	200	0	0	0	nan
aligned_proportional_boundary	balanced_BY	0.1	M3	200	0	0	0	nan
aligned_proportional_boundary	balanced_BY	0.1	M4	200	0	0	0	nan
aligned_proportional_boundary	balanced_BY	0.1	M5	200	50148	35941	0.716896	0.716699
aligned_proportional_boundary	balanced_eBH	0.01	M0	200	0	0	0	nan
aligned_proportional_boundary	balanced_eBH	0.01	M1	200	49852	0	0	0
aligned_proportional_boundary	balanced_eBH	0.01	M2	200	0	0	0	nan
aligned_proportional_boundary	balanced_eBH	0.01	M3	200	0	0	0	nan
aligned_proportional_boundary	balanced_eBH	0.01	M4	200	0	0	0	nan
aligned_proportional_boundary	balanced_eBH	0.01	M5	200	50148	0	0	0
aligned_proportional_boundary	balanced_eBH	0.05	M0	200	0	0	0	nan
aligned_proportional_boundary	balanced_eBH	0.05	M1	200	49852	676	0.0136352	0.0135601
aligned_proportional_boundary	balanced_eBH	0.05	M2	200	0	0	0	nan
aligned_proportional_boundary	balanced_eBH	0.05	M3	200	0	0	0	nan
aligned_proportional_boundary	balanced_eBH	0.05	M4	200	0	0	0	nan
aligned_proportional_boundary	balanced_eBH	0.05	M5	200	50148	615	0.0122159	0.0122637
aligned_proportional_boundary	balanced_eBH	0.1	M0	200	0	0	0	nan
aligned_proportional_boundary	balanced_eBH	0.1	M1	200	49852	28656	0.574511	0.574821
aligned_proportional_boundary	balanced_eBH	0.1	M2	200	0	0	0	nan
aligned_proportional_boundary	balanced_eBH	0.1	M3	200	0	0	0	nan
aligned_proportional_boundary	balanced_eBH	0.1	M4	200	0	0	0	nan
aligned_proportional_boundary	balanced_eBH	0.1	M5	200	50148	28584	0.57008	0.569993
aligned_proportional_boundary	balanced_p2e_eBH	0.01	M0	200	0	0	0	nan
aligned_proportional_boundary	balanced_p2e_eBH	0.01	M1	200	49852	0	0	0
aligned_proportional_boundary	balanced_p2e_eBH	0.01	M2	200	0	0	0	nan
aligned_proportional_boundary	balanced_p2e_eBH	0.01	M3	200	0	0	0	nan
aligned_proportional_boundary	balanced_p2e_eBH	0.01	M4	200	0	0	0	nan
aligned_proportional_boundary	balanced_p2e_eBH	0.01	M5	200	50148	0	0	0
aligned_proportional_boundary	balanced_p2e_eBH	0.05	M0	200	0	0	0	nan
aligned_proportional_boundary	balanced_p2e_eBH	0.05	M1	200	49852	1	2.1097e-05	2.00594e-05
aligned_proportional_boundary	balanced_p2e_eBH	0.05	M2	200	0	0	0	nan
aligned_proportional_boundary	balanced_p2e_eBH	0.05	M3	200	0	0	0	nan
aligned_proportional_boundary	balanced_p2e_eBH	0.05	M4	200	0	0	0	nan
aligned_proportional_boundary	balanced_p2e_eBH	0.05	M5	200	50148	1	1.94553e-05	1.9941e-05
aligned_proportional_boundary	balanced_p2e_eBH	0.1	M0	200	0	0	0	nan
aligned_proportional_boundary	balanced_p2e_eBH	0.1	M1	200	49852	2	4.05523e-05	4.01188e-05
aligned_proportional_boundary	balanced_p2e_eBH	0.1	M2	200	0	0	0	nan
aligned_proportional_boundary	balanced_p2e_eBH	0.1	M3	200	0	0	0	nan
aligned_proportional_boundary	balanced_p2e_eBH	0.1	M4	200	0	0	0	nan
aligned_proportional_boundary	balanced_p2e_eBH	0.1	M5	200	50148	2	3.81818e-05	3.98819e-05
aligned_proportional_boundary	bayesian_FDR	0.01	M0	200	0	0	0	nan
aligned_proportional_boundary	bayesian_FDR	0.01	M1	200	49852	0	0	0
aligned_proportional_boundary	bayesian_FDR	0.01	M2	200	0	0	0	nan
aligned_proportional_boundary	bayesian_FDR	0.01	M3	200	0	0	0	nan
aligned_proportional_boundary	bayesian_FDR	0.01	M4	200	0	0	0	nan
aligned_proportional_boundary	bayesian_FDR	0.01	M5	200	50148	0	0	0
aligned_proportional_boundary	bayesian_FDR	0.05	M0	200	0	0	0	nan
aligned_proportional_boundary	bayesian_FDR	0.05	M1	200	49852	0	0	0
aligned_proportional_boundary	bayesian_FDR	0.05	M2	200	0	0	0	nan
aligned_proportional_boundary	bayesian_FDR	0.05	M3	200	0	0	0	nan
aligned_proportional_boundary	bayesian_FDR	0.05	M4	200	0	0	0	nan
aligned_proportional_boundary	bayesian_FDR	0.05	M5	200	50148	0	0	0
aligned_proportional_boundary	bayesian_FDR	0.1	M0	200	0	0	0	nan
aligned_proportional_boundary	bayesian_FDR	0.1	M1	200	49852	14	0.000283702	0.000280831
aligned_proportional_boundary	bayesian_FDR	0.1	M2	200	0	0	0	nan
aligned_proportional_boundary	bayesian_FDR	0.1	M3	200	0	0	0	nan
aligned_proportional_boundary	bayesian_FDR	0.1	M4	200	0	0	0	nan
aligned_proportional_boundary	bayesian_FDR	0.1	M5	200	50148	17	0.00034271	0.000338997
aligned_proportional_boundary	directional_BY	0.01	M0	200	0	0	0	nan
aligned_proportional_boundary	directional_BY	0.01	M1	200	49852	0	0	0
aligned_proportional_boundary	directional_BY	0.01	M2	200	0	0	0	nan
aligned_proportional_boundary	directional_BY	0.01	M3	200	0	0	0	nan
aligned_proportional_boundary	directional_BY	0.01	M4	200	0	0	0	nan
aligned_proportional_boundary	directional_BY	0.01	M5	200	50148	0	0	0
aligned_proportional_boundary	directional_BY	0.05	M0	200	0	0	0	nan
aligned_proportional_boundary	directional_BY	0.05	M1	200	49852	0	0	0
aligned_proportional_boundary	directional_BY	0.05	M2	200	0	0	0	nan
aligned_proportional_boundary	directional_BY	0.05	M3	200	0	0	0	nan
aligned_proportional_boundary	directional_BY	0.05	M4	200	0	0	0	nan
aligned_proportional_boundary	directional_BY	0.05	M5	200	50148	0	0	0
aligned_proportional_boundary	directional_BY	0.1	M0	200	0	0	0	nan
aligned_proportional_boundary	directional_BY	0.1	M1	200	49852	0	0	0
aligned_proportional_boundary	directional_BY	0.1	M2	200	0	0	0	nan
aligned_proportional_boundary	directional_BY	0.1	M3	200	0	0	0	nan
aligned_proportional_boundary	directional_BY	0.1	M4	200	0	0	0	nan
aligned_proportional_boundary	directional_BY	0.1	M5	200	50148	0	0	0
aligned_proportional_boundary	directional_eBH	0.01	M0	200	0	0	0	nan
aligned_proportional_boundary	directional_eBH	0.01	M1	200	49852	0	0	0
aligned_proportional_boundary	directional_eBH	0.01	M2	200	0	0	0	nan
aligned_proportional_boundary	directional_eBH	0.01	M3	200	0	0	0	nan
aligned_proportional_boundary	directional_eBH	0.01	M4	200	0	0	0	nan
aligned_proportional_boundary	directional_eBH	0.01	M5	200	50148	0	0	0
aligned_proportional_boundary	directional_eBH	0.05	M0	200	0	0	0	nan
aligned_proportional_boundary	directional_eBH	0.05	M1	200	49852	0	0	0
aligned_proportional_boundary	directional_eBH	0.05	M2	200	0	0	0	nan
aligned_proportional_boundary	directional_eBH	0.05	M3	200	0	0	0	nan
aligned_proportional_boundary	directional_eBH	0.05	M4	200	0	0	0	nan
aligned_proportional_boundary	directional_eBH	0.05	M5	200	50148	0	0	0
aligned_proportional_boundary	directional_eBH	0.1	M0	200	0	0	0	nan
aligned_proportional_boundary	directional_eBH	0.1	M1	200	49852	0	0	0
aligned_proportional_boundary	directional_eBH	0.1	M2	200	0	0	0	nan
aligned_proportional_boundary	directional_eBH	0.1	M3	200	0	0	0	nan
aligned_proportional_boundary	directional_eBH	0.1	M4	200	0	0	0	nan
aligned_proportional_boundary	directional_eBH	0.1	M5	200	50148	0	0	0
balanced_heterogeneity	adaptive_eBH	0.01	M0	200	45109	0	0	0
balanced_heterogeneity	adaptive_eBH	0.01	M1	200	9852	0	0	0
balanced_heterogeneity	adaptive_eBH	0.01	M2	200	12058	0	0	0
balanced_heterogeneity	adaptive_eBH	0.01	M3	200	8022	0	0	0
balanced_heterogeneity	adaptive_eBH	0.01	M4	200	10993	0	0	0
balanced_heterogeneity	adaptive_eBH	0.01	M5	200	13966	0	0	0
balanced_heterogeneity	adaptive_eBH	0.05	M0	200	45109	0	0	0
balanced_heterogeneity	adaptive_eBH	0.05	M1	200	9852	0	0	0
balanced_heterogeneity	adaptive_eBH	0.05	M2	200	12058	0	0	0
balanced_heterogeneity	adaptive_eBH	0.05	M3	200	8022	0	0	0
balanced_heterogeneity	adaptive_eBH	0.05	M4	200	10993	0	0	0
balanced_heterogeneity	adaptive_eBH	0.05	M5	200	13966	0	0	0
balanced_heterogeneity	adaptive_eBH	0.1	M0	200	45109	0	0	0
balanced_heterogeneity	adaptive_eBH	0.1	M1	200	9852	0	0	0
balanced_heterogeneity	adaptive_eBH	0.1	M2	200	12058	0	0	0
balanced_heterogeneity	adaptive_eBH	0.1	M3	200	8022	0	0	0
balanced_heterogeneity	adaptive_eBH	0.1	M4	200	10993	0	0	0
balanced_heterogeneity	adaptive_eBH	0.1	M5	200	13966	1	7.8125e-05	7.16025e-05
balanced_heterogeneity	balanced_AdaFilter	0.01	M0	200	45109	0	0	0
balanced_heterogeneity	balanced_AdaFilter	0.01	M1	200	9852	71	0.00725284	0.00720666
balanced_heterogeneity	balanced_AdaFilter	0.01	M2	200	12058	0	0	0
balanced_heterogeneity	balanced_AdaFilter	0.01	M3	200	8022	0	0	0
balanced_heterogeneity	balanced_AdaFilter	0.01	M4	200	10993	0	0	0
balanced_heterogeneity	balanced_AdaFilter	0.01	M5	200	13966	3	0.000223541	0.000214807
balanced_heterogeneity	balanced_AdaFilter	0.05	M0	200	45109	0	0	0
balanced_heterogeneity	balanced_AdaFilter	0.05	M1	200	9852	503	0.0500341	0.0510556
balanced_heterogeneity	balanced_AdaFilter	0.05	M2	200	12058	13	0.00103265	0.00107812
balanced_heterogeneity	balanced_AdaFilter	0.05	M3	200	8022	0	0	0
balanced_heterogeneity	balanced_AdaFilter	0.05	M4	200	10993	3	0.000276799	0.000272901
balanced_heterogeneity	balanced_AdaFilter	0.05	M5	200	13966	10	0.000725242	0.000716025
balanced_heterogeneity	balanced_AdaFilter	0.1	M0	200	45109	0	0	0
balanced_heterogeneity	balanced_AdaFilter	0.1	M1	200	9852	1631	0.162442	0.16555
balanced_heterogeneity	balanced_AdaFilter	0.1	M2	200	12058	65	0.00523305	0.00539061
balanced_heterogeneity	balanced_AdaFilter	0.1	M3	200	8022	0	0	0
balanced_heterogeneity	balanced_AdaFilter	0.1	M4	200	10993	19	0.00169701	0.00172837
balanced_heterogeneity	balanced_AdaFilter	0.1	M5	200	13966	84	0.00596391	0.00601461
balanced_heterogeneity	balanced_BY	0.01	M0	200	45109	0	0	0
balanced_heterogeneity	balanced_BY	0.01	M1	200	9852	0	0	0
balanced_heterogeneity	balanced_BY	0.01	M2	200	12058	0	0	0
balanced_heterogeneity	balanced_BY	0.01	M3	200	8022	0	0	0
balanced_heterogeneity	balanced_BY	0.01	M4	200	10993	0	0	0
balanced_heterogeneity	balanced_BY	0.01	M5	200	13966	0	0	0
balanced_heterogeneity	balanced_BY	0.05	M0	200	45109	0	0	0
balanced_heterogeneity	balanced_BY	0.05	M1	200	9852	1	9.09091e-05	0.000101502
balanced_heterogeneity	balanced_BY	0.05	M2	200	12058	0	0	0
balanced_heterogeneity	balanced_BY	0.05	M3	200	8022	0	0	0
balanced_heterogeneity	balanced_BY	0.05	M4	200	10993	0	0	0
balanced_heterogeneity	balanced_BY	0.05	M5	200	13966	0	0	0
balanced_heterogeneity	balanced_BY	0.1	M0	200	45109	0	0	0
balanced_heterogeneity	balanced_BY	0.1	M1	200	9852	5	0.000474838	0.000507511
balanced_heterogeneity	balanced_BY	0.1	M2	200	12058	0	0	0
balanced_heterogeneity	balanced_BY	0.1	M3	200	8022	0	0	0
balanced_heterogeneity	balanced_BY	0.1	M4	200	10993	0	0	0
balanced_heterogeneity	balanced_BY	0.1	M5	200	13966	0	0	0
balanced_heterogeneity	balanced_eBH	0.01	M0	200	45109	0	0	0
balanced_heterogeneity	balanced_eBH	0.01	M1	200	9852	0	0	0
balanced_heterogeneity	balanced_eBH	0.01	M2	200	12058	0	0	0
balanced_heterogeneity	balanced_eBH	0.01	M3	200	8022	0	0	0
balanced_heterogeneity	balanced_eBH	0.01	M4	200	10993	0	0	0
balanced_heterogeneity	balanced_eBH	0.01	M5	200	13966	0	0	0
balanced_heterogeneity	balanced_eBH	0.05	M0	200	45109	0	0	0
balanced_heterogeneity	balanced_eBH	0.05	M1	200	9852	0	0	0
balanced_heterogeneity	balanced_eBH	0.05	M2	200	12058	0	0	0
balanced_heterogeneity	balanced_eBH	0.05	M3	200	8022	0	0	0
balanced_heterogeneity	balanced_eBH	0.05	M4	200	10993	0	0	0
balanced_heterogeneity	balanced_eBH	0.05	M5	200	13966	0	0	0
balanced_heterogeneity	balanced_eBH	0.1	M0	200	45109	0	0	0
balanced_heterogeneity	balanced_eBH	0.1	M1	200	9852	0	0	0
balanced_heterogeneity	balanced_eBH	0.1	M2	200	12058	0	0	0
balanced_heterogeneity	balanced_eBH	0.1	M3	200	8022	0	0	0
balanced_heterogeneity	balanced_eBH	0.1	M4	200	10993	0	0	0
balanced_heterogeneity	balanced_eBH	0.1	M5	200	13966	0	0	0
balanced_heterogeneity	balanced_p2e_eBH	0.01	M0	200	45109	0	0	0
balanced_heterogeneity	balanced_p2e_eBH	0.01	M1	200	9852	0	0	0
balanced_heterogeneity	balanced_p2e_eBH	0.01	M2	200	12058	0	0	0
balanced_heterogeneity	balanced_p2e_eBH	0.01	M3	200	8022	0	0	0
balanced_heterogeneity	balanced_p2e_eBH	0.01	M4	200	10993	0	0	0
balanced_heterogeneity	balanced_p2e_eBH	0.01	M5	200	13966	0	0	0
balanced_heterogeneity	balanced_p2e_eBH	0.05	M0	200	45109	0	0	0
balanced_heterogeneity	balanced_p2e_eBH	0.05	M1	200	9852	0	0	0
balanced_heterogeneity	balanced_p2e_eBH	0.05	M2	200	12058	0	0	0
balanced_heterogeneity	balanced_p2e_eBH	0.05	M3	200	8022	0	0	0
balanced_heterogeneity	balanced_p2e_eBH	0.05	M4	200	10993	0	0	0
balanced_heterogeneity	balanced_p2e_eBH	0.05	M5	200	13966	0	0	0
balanced_heterogeneity	balanced_p2e_eBH	0.1	M0	200	45109	0	0	0
balanced_heterogeneity	balanced_p2e_eBH	0.1	M1	200	9852	0	0	0
balanced_heterogeneity	balanced_p2e_eBH	0.1	M2	200	12058	0	0	0
balanced_heterogeneity	balanced_p2e_eBH	0.1	M3	200	8022	0	0	0
balanced_heterogeneity	balanced_p2e_eBH	0.1	M4	200	10993	0	0	0
balanced_heterogeneity	balanced_p2e_eBH	0.1	M5	200	13966	0	0	0
balanced_heterogeneity	bayesian_FDR	0.01	M0	200	45109	0	0	0
balanced_heterogeneity	bayesian_FDR	0.01	M1	200	9852	0	0	0
balanced_heterogeneity	bayesian_FDR	0.01	M2	200	12058	0	0	0
balanced_heterogeneity	bayesian_FDR	0.01	M3	200	8022	0	0	0
balanced_heterogeneity	bayesian_FDR	0.01	M4	200	10993	0	0	0
balanced_heterogeneity	bayesian_FDR	0.01	M5	200	13966	0	0	0
balanced_heterogeneity	bayesian_FDR	0.05	M0	200	45109	0	0	0
balanced_heterogeneity	bayesian_FDR	0.05	M1	200	9852	0	0	0
balanced_heterogeneity	bayesian_FDR	0.05	M2	200	12058	0	0	0
balanced_heterogeneity	bayesian_FDR	0.05	M3	200	8022	0	0	0
balanced_heterogeneity	bayesian_FDR	0.05	M4	200	10993	0	0	0
balanced_heterogeneity	bayesian_FDR	0.05	M5	200	13966	0	0	0
balanced_heterogeneity	bayesian_FDR	0.1	M0	200	45109	0	0	0
balanced_heterogeneity	bayesian_FDR	0.1	M1	200	9852	6	0.000686981	0.000609013
balanced_heterogeneity	bayesian_FDR	0.1	M2	200	12058	0	0	0
balanced_heterogeneity	bayesian_FDR	0.1	M3	200	8022	0	0	0
balanced_heterogeneity	bayesian_FDR	0.1	M4	200	10993	0	0	0
balanced_heterogeneity	bayesian_FDR	0.1	M5	200	13966	0	0	0
balanced_heterogeneity	directional_BY	0.01	M0	200	45109	0	0	0
balanced_heterogeneity	directional_BY	0.01	M1	200	9852	0	0	0
balanced_heterogeneity	directional_BY	0.01	M2	200	12058	0	0	0
balanced_heterogeneity	directional_BY	0.01	M3	200	8022	0	0	0
balanced_heterogeneity	directional_BY	0.01	M4	200	10993	0	0	0
balanced_heterogeneity	directional_BY	0.01	M5	200	13966	0	0	0
balanced_heterogeneity	directional_BY	0.05	M0	200	45109	0	0	0
balanced_heterogeneity	directional_BY	0.05	M1	200	9852	0	0	0
balanced_heterogeneity	directional_BY	0.05	M2	200	12058	0	0	0
balanced_heterogeneity	directional_BY	0.05	M3	200	8022	0	0	0
balanced_heterogeneity	directional_BY	0.05	M4	200	10993	0	0	0
balanced_heterogeneity	directional_BY	0.05	M5	200	13966	0	0	0
balanced_heterogeneity	directional_BY	0.1	M0	200	45109	0	0	0
balanced_heterogeneity	directional_BY	0.1	M1	200	9852	0	0	0
balanced_heterogeneity	directional_BY	0.1	M2	200	12058	0	0	0
balanced_heterogeneity	directional_BY	0.1	M3	200	8022	0	0	0
balanced_heterogeneity	directional_BY	0.1	M4	200	10993	0	0	0
balanced_heterogeneity	directional_BY	0.1	M5	200	13966	0	0	0
balanced_heterogeneity	directional_eBH	0.01	M0	200	45109	0	0	0
balanced_heterogeneity	directional_eBH	0.01	M1	200	9852	0	0	0
balanced_heterogeneity	directional_eBH	0.01	M2	200	12058	0	0	0
balanced_heterogeneity	directional_eBH	0.01	M3	200	8022	0	0	0
balanced_heterogeneity	directional_eBH	0.01	M4	200	10993	0	0	0
balanced_heterogeneity	directional_eBH	0.01	M5	200	13966	0	0	0
balanced_heterogeneity	directional_eBH	0.05	M0	200	45109	0	0	0
balanced_heterogeneity	directional_eBH	0.05	M1	200	9852	0	0	0
balanced_heterogeneity	directional_eBH	0.05	M2	200	12058	0	0	0
balanced_heterogeneity	directional_eBH	0.05	M3	200	8022	0	0	0
balanced_heterogeneity	directional_eBH	0.05	M4	200	10993	0	0	0
balanced_heterogeneity	directional_eBH	0.05	M5	200	13966	0	0	0
balanced_heterogeneity	directional_eBH	0.1	M0	200	45109	0	0	0
balanced_heterogeneity	directional_eBH	0.1	M1	200	9852	0	0	0
balanced_heterogeneity	directional_eBH	0.1	M2	200	12058	0	0	0
balanced_heterogeneity	directional_eBH	0.1	M3	200	8022	0	0	0
balanced_heterogeneity	directional_eBH	0.1	M4	200	10993	0	0	0
balanced_heterogeneity	directional_eBH	0.1	M5	200	13966	0	0	0
broad_balanced	adaptive_eBH	0.01	M0	200	45095	0	0	0
broad_balanced	adaptive_eBH	0.01	M1	200	10005	1	0.000108696	9.995e-05
broad_balanced	adaptive_eBH	0.01	M2	200	11887	0	0	0
broad_balanced	adaptive_eBH	0.01	M3	200	8012	0	0	0
broad_balanced	adaptive_eBH	0.01	M4	200	11044	0	0	0
broad_balanced	adaptive_eBH	0.01	M5	200	13957	0	0	0
broad_balanced	adaptive_eBH	0.05	M0	200	45095	0	0	0
broad_balanced	adaptive_eBH	0.05	M1	200	10005	7	0.000640899	0.00069965
broad_balanced	adaptive_eBH	0.05	M2	200	11887	0	0	0
broad_balanced	adaptive_eBH	0.05	M3	200	8012	0	0	0
broad_balanced	adaptive_eBH	0.05	M4	200	11044	0	0	0
broad_balanced	adaptive_eBH	0.05	M5	200	13957	0	0	0
broad_balanced	adaptive_eBH	0.1	M0	200	45095	0	0	0
broad_balanced	adaptive_eBH	0.1	M1	200	10005	13	0.00118304	0.00129935
broad_balanced	adaptive_eBH	0.1	M2	200	11887	0	0	0
broad_balanced	adaptive_eBH	0.1	M3	200	8012	0	0	0
broad_balanced	adaptive_eBH	0.1	M4	200	11044	0	0	0
broad_balanced	adaptive_eBH	0.1	M5	200	13957	0	0	0
broad_balanced	balanced_AdaFilter	0.01	M0	200	45095	0	0	0
broad_balanced	balanced_AdaFilter	0.01	M1	200	10005	8385	0.835334	0.838081
broad_balanced	balanced_AdaFilter	0.01	M2	200	11887	20	0.00174077	0.00168251
broad_balanced	balanced_AdaFilter	0.01	M3	200	8012	0	0	0
broad_balanced	balanced_AdaFilter	0.01	M4	200	11044	24	0.00216791	0.00217313
broad_balanced	balanced_AdaFilter	0.01	M5	200	13957	20	0.00139607	0.00143297
broad_balanced	balanced_AdaFilter	0.05	M0	200	45095	0	0	0
broad_balanced	balanced_AdaFilter	0.05	M1	200	10005	9739	0.973036	0.973413
broad_balanced	balanced_AdaFilter	0.05	M2	200	11887	114	0.00966694	0.00959031
broad_balanced	balanced_AdaFilter	0.05	M3	200	8012	0	0	0
broad_balanced	balanced_AdaFilter	0.05	M4	200	11044	134	0.0117904	0.0121333
broad_balanced	balanced_AdaFilter	0.05	M5	200	13957	142	0.0101561	0.0101741
broad_balanced	balanced_AdaFilter	0.1	M0	200	45095	0	0	0
broad_balanced	balanced_AdaFilter	0.1	M1	200	10005	9910	0.990417	0.990505
broad_balanced	balanced_AdaFilter	0.1	M2	200	11887	262	0.0221485	0.0220409
broad_balanced	balanced_AdaFilter	0.1	M3	200	8012	0	0	0
broad_balanced	balanced_AdaFilter	0.1	M4	200	11044	271	0.0242795	0.0245382
broad_balanced	balanced_AdaFilter	0.1	M5	200	13957	310	0.0221142	0.0222111
broad_balanced	balanced_BY	0.01	M0	200	45095	0	0	0
broad_balanced	balanced_BY	0.01	M1	200	10005	3520	0.345901	0.351824
broad_balanced	balanced_BY	0.01	M2	200	11887	2	0.000177798	0.000168251
broad_balanced	balanced_BY	0.01	M3	200	8012	0	0	0
broad_balanced	balanced_BY	0.01	M4	200	11044	1	9.43396e-05	9.05469e-05
broad_balanced	balanced_BY	0.01	M5	200	13957	2	0.000141851	0.000143297
broad_balanced	balanced_BY	0.05	M0	200	45095	0	0	0
broad_balanced	balanced_BY	0.05	M1	200	10005	7954	0.791681	0.795002
broad_balanced	balanced_BY	0.05	M2	200	11887	16	0.00138148	0.00134601
broad_balanced	balanced_BY	0.05	M3	200	8012	0	0	0
broad_balanced	balanced_BY	0.05	M4	200	11044	18	0.00163509	0.00162984
broad_balanced	balanced_BY	0.05	M5	200	13957	10	0.000691158	0.000716486
broad_balanced	balanced_BY	0.1	M0	200	45095	0	0	0
broad_balanced	balanced_BY	0.1	M1	200	10005	8908	0.888608	0.890355
broad_balanced	balanced_BY	0.1	M2	200	11887	33	0.00283388	0.00277614
broad_balanced	balanced_BY	0.1	M3	200	8012	0	0	0
broad_balanced	balanced_BY	0.1	M4	200	11044	39	0.00341716	0.00353133
broad_balanced	balanced_BY	0.1	M5	200	13957	35	0.00245579	0.0025077
broad_balanced	balanced_eBH	0.01	M0	200	45095	0	0	0
broad_balanced	balanced_eBH	0.01	M1	200	10005	27	0.00279519	0.00269865
broad_balanced	balanced_eBH	0.01	M2	200	11887	0	0	0
broad_balanced	balanced_eBH	0.01	M3	200	8012	0	0	0
broad_balanced	balanced_eBH	0.01	M4	200	11044	0	0	0
broad_balanced	balanced_eBH	0.01	M5	200	13957	0	0	0
broad_balanced	balanced_eBH	0.05	M0	200	45095	0	0	0
broad_balanced	balanced_eBH	0.05	M1	200	10005	6464	0.638187	0.646077
broad_balanced	balanced_eBH	0.05	M2	200	11887	7	0.000644575	0.000588879
broad_balanced	balanced_eBH	0.05	M3	200	8012	0	0	0
broad_balanced	balanced_eBH	0.05	M4	200	11044	5	0.00044693	0.000452735
broad_balanced	balanced_eBH	0.05	M5	200	13957	3	0.000209419	0.000214946
broad_balanced	balanced_eBH	0.1	M0	200	45095	0	0	0
broad_balanced	balanced_eBH	0.1	M1	200	10005	8194	0.815672	0.818991
broad_balanced	balanced_eBH	0.1	M2	200	11887	17	0.0014926	0.00143013
broad_balanced	balanced_eBH	0.1	M3	200	8012	0	0	0
broad_balanced	balanced_eBH	0.1	M4	200	11044	21	0.00192377	0.00190148
broad_balanced	balanced_eBH	0.1	M5	200	13957	13	0.00090915	0.000931432
broad_balanced	balanced_p2e_eBH	0.01	M0	200	45095	0	0	0
broad_balanced	balanced_p2e_eBH	0.01	M1	200	10005	17	0.00178686	0.00169915
broad_balanced	balanced_p2e_eBH	0.01	M2	200	11887	0	0	0
broad_balanced	balanced_p2e_eBH	0.01	M3	200	8012	0	0	0
broad_balanced	balanced_p2e_eBH	0.01	M4	200	11044	0	0	0
broad_balanced	balanced_p2e_eBH	0.01	M5	200	13957	0	0	0
broad_balanced	balanced_p2e_eBH	0.05	M0	200	45095	0	0	0
broad_balanced	balanced_p2e_eBH	0.05	M1	200	10005	997	0.0969391	0.0996502
broad_balanced	balanced_p2e_eBH	0.05	M2	200	11887	0	0	0
broad_balanced	balanced_p2e_eBH	0.05	M3	200	8012	0	0	0
broad_balanced	balanced_p2e_eBH	0.05	M4	200	11044	0	0	0
broad_balanced	balanced_p2e_eBH	0.05	M5	200	13957	0	0	0
broad_balanced	balanced_p2e_eBH	0.1	M0	200	45095	0	0	0
broad_balanced	balanced_p2e_eBH	0.1	M1	200	10005	4125	0.403426	0.412294
broad_balanced	balanced_p2e_eBH	0.1	M2	200	11887	2	0.000177798	0.000168251
broad_balanced	balanced_p2e_eBH	0.1	M3	200	8012	0	0	0
broad_balanced	balanced_p2e_eBH	0.1	M4	200	11044	1	9.43396e-05	9.05469e-05
broad_balanced	balanced_p2e_eBH	0.1	M5	200	13957	2	0.000141851	0.000143297
broad_balanced	bayesian_FDR	0.01	M0	200	45095	0	0	0
broad_balanced	bayesian_FDR	0.01	M1	200	10005	57	0.00562003	0.00569715
broad_balanced	bayesian_FDR	0.01	M2	200	11887	0	0	0
broad_balanced	bayesian_FDR	0.01	M3	200	8012	0	0	0
broad_balanced	bayesian_FDR	0.01	M4	200	11044	0	0	0
broad_balanced	bayesian_FDR	0.01	M5	200	13957	0	0	0
broad_balanced	bayesian_FDR	0.05	M0	200	45095	0	0	0
broad_balanced	bayesian_FDR	0.05	M1	200	10005	2314	0.230165	0.231284
broad_balanced	bayesian_FDR	0.05	M2	200	11887	0	0	0
broad_balanced	bayesian_FDR	0.05	M3	200	8012	0	0	0
broad_balanced	bayesian_FDR	0.05	M4	200	11044	0	0	0
broad_balanced	bayesian_FDR	0.05	M5	200	13957	0	0	0
broad_balanced	bayesian_FDR	0.1	M0	200	45095	0	0	0
broad_balanced	bayesian_FDR	0.1	M1	200	10005	5564	0.554543	0.556122
broad_balanced	bayesian_FDR	0.1	M2	200	11887	1	8.92857e-05	8.41255e-05
broad_balanced	bayesian_FDR	0.1	M3	200	8012	0	0	0
broad_balanced	bayesian_FDR	0.1	M4	200	11044	2	0.00015749	0.000181094
broad_balanced	bayesian_FDR	0.1	M5	200	13957	0	0	0
broad_balanced	directional_BY	0.01	M0	200	45095	0	0	0
broad_balanced	directional_BY	0.01	M1	200	10005	0	0	0
broad_balanced	directional_BY	0.01	M2	200	11887	0	0	0
broad_balanced	directional_BY	0.01	M3	200	8012	0	0	0
broad_balanced	directional_BY	0.01	M4	200	11044	0	0	0
broad_balanced	directional_BY	0.01	M5	200	13957	0	0	0
broad_balanced	directional_BY	0.05	M0	200	45095	0	0	0
broad_balanced	directional_BY	0.05	M1	200	10005	0	0	0
broad_balanced	directional_BY	0.05	M2	200	11887	0	0	0
broad_balanced	directional_BY	0.05	M3	200	8012	0	0	0
broad_balanced	directional_BY	0.05	M4	200	11044	0	0	0
broad_balanced	directional_BY	0.05	M5	200	13957	0	0	0
broad_balanced	directional_BY	0.1	M0	200	45095	0	0	0
broad_balanced	directional_BY	0.1	M1	200	10005	0	0	0
broad_balanced	directional_BY	0.1	M2	200	11887	0	0	0
broad_balanced	directional_BY	0.1	M3	200	8012	0	0	0
broad_balanced	directional_BY	0.1	M4	200	11044	0	0	0
broad_balanced	directional_BY	0.1	M5	200	13957	0	0	0
broad_balanced	directional_eBH	0.01	M0	200	45095	0	0	0
broad_balanced	directional_eBH	0.01	M1	200	10005	0	0	0
broad_balanced	directional_eBH	0.01	M2	200	11887	0	0	0
broad_balanced	directional_eBH	0.01	M3	200	8012	0	0	0
broad_balanced	directional_eBH	0.01	M4	200	11044	0	0	0
broad_balanced	directional_eBH	0.01	M5	200	13957	0	0	0
broad_balanced	directional_eBH	0.05	M0	200	45095	0	0	0
broad_balanced	directional_eBH	0.05	M1	200	10005	0	0	0
broad_balanced	directional_eBH	0.05	M2	200	11887	0	0	0
broad_balanced	directional_eBH	0.05	M3	200	8012	0	0	0
broad_balanced	directional_eBH	0.05	M4	200	11044	0	0	0
broad_balanced	directional_eBH	0.05	M5	200	13957	0	0	0
broad_balanced	directional_eBH	0.1	M0	200	45095	0	0	0
broad_balanced	directional_eBH	0.1	M1	200	10005	0	0	0
broad_balanced	directional_eBH	0.1	M2	200	11887	0	0	0
broad_balanced	directional_eBH	0.1	M3	200	8012	0	0	0
broad_balanced	directional_eBH	0.1	M4	200	11044	0	0	0
broad_balanced	directional_eBH	0.1	M5	200	13957	0	0	0
dense_cross_protein_dependence	adaptive_eBH	0.01	M0	200	44903	0	0	0
dense_cross_protein_dependence	adaptive_eBH	0.01	M1	200	9999	0	0	0
dense_cross_protein_dependence	adaptive_eBH	0.01	M2	200	11861	0	0	0
dense_cross_protein_dependence	adaptive_eBH	0.01	M3	200	7981	0	0	0
dense_cross_protein_dependence	adaptive_eBH	0.01	M4	200	11119	0	0	0
dense_cross_protein_dependence	adaptive_eBH	0.01	M5	200	14137	0	0	0
dense_cross_protein_dependence	adaptive_eBH	0.05	M0	200	44903	0	0	0
dense_cross_protein_dependence	adaptive_eBH	0.05	M1	200	9999	0	0	0
dense_cross_protein_dependence	adaptive_eBH	0.05	M2	200	11861	0	0	0
dense_cross_protein_dependence	adaptive_eBH	0.05	M3	200	7981	0	0	0
dense_cross_protein_dependence	adaptive_eBH	0.05	M4	200	11119	0	0	0
dense_cross_protein_dependence	adaptive_eBH	0.05	M5	200	14137	0	0	0
dense_cross_protein_dependence	adaptive_eBH	0.1	M0	200	44903	0	0	0
dense_cross_protein_dependence	adaptive_eBH	0.1	M1	200	9999	0	0	0
dense_cross_protein_dependence	adaptive_eBH	0.1	M2	200	11861	0	0	0
dense_cross_protein_dependence	adaptive_eBH	0.1	M3	200	7981	0	0	0
dense_cross_protein_dependence	adaptive_eBH	0.1	M4	200	11119	0	0	0
dense_cross_protein_dependence	adaptive_eBH	0.1	M5	200	14137	0	0	0
dense_cross_protein_dependence	balanced_AdaFilter	0.01	M0	200	44903	0	0	0
dense_cross_protein_dependence	balanced_AdaFilter	0.01	M1	200	9999	1538	0.149929	0.153815
dense_cross_protein_dependence	balanced_AdaFilter	0.01	M2	200	11861	2	0.000161249	0.00016862
dense_cross_protein_dependence	balanced_AdaFilter	0.01	M3	200	7981	0	0	0
dense_cross_protein_dependence	balanced_AdaFilter	0.01	M4	200	11119	3	0.000287719	0.000269808
dense_cross_protein_dependence	balanced_AdaFilter	0.01	M5	200	14137	2	0.000153774	0.000141473
dense_cross_protein_dependence	balanced_AdaFilter	0.05	M0	200	44903	0	0	0
dense_cross_protein_dependence	balanced_AdaFilter	0.05	M1	200	9999	6662	0.659411	0.666267
dense_cross_protein_dependence	balanced_AdaFilter	0.05	M2	200	11861	59	0.00513161	0.00497429
dense_cross_protein_dependence	balanced_AdaFilter	0.05	M3	200	7981	0	0	0
dense_cross_protein_dependence	balanced_AdaFilter	0.05	M4	200	11119	85	0.00770678	0.00764457
dense_cross_protein_dependence	balanced_AdaFilter	0.05	M5	200	14137	99	0.00701691	0.0070029
dense_cross_protein_dependence	balanced_AdaFilter	0.1	M0	200	44903	0	0	0
dense_cross_protein_dependence	balanced_AdaFilter	0.1	M1	200	9999	8514	0.847093	0.851485
dense_cross_protein_dependence	balanced_AdaFilter	0.1	M2	200	11861	216	0.0184681	0.0182109
dense_cross_protein_dependence	balanced_AdaFilter	0.1	M3	200	7981	0	0	0
dense_cross_protein_dependence	balanced_AdaFilter	0.1	M4	200	11119	215	0.0194536	0.0193363
dense_cross_protein_dependence	balanced_AdaFilter	0.1	M5	200	14137	273	0.0194908	0.019311
dense_cross_protein_dependence	balanced_BY	0.01	M0	200	44903	0	0	0
dense_cross_protein_dependence	balanced_BY	0.01	M1	200	9999	2	0.000178628	0.00020002
dense_cross_protein_dependence	balanced_BY	0.01	M2	200	11861	0	0	0
dense_cross_protein_dependence	balanced_BY	0.01	M3	200	7981	0	0	0
dense_cross_protein_dependence	balanced_BY	0.01	M4	200	11119	0	0	0
dense_cross_protein_dependence	balanced_BY	0.01	M5	200	14137	0	0	0
dense_cross_protein_dependence	balanced_BY	0.05	M0	200	44903	0	0	0
dense_cross_protein_dependence	balanced_BY	0.05	M1	200	9999	85	0.00835419	0.00850085
dense_cross_protein_dependence	balanced_BY	0.05	M2	200	11861	0	0	0
dense_cross_protein_dependence	balanced_BY	0.05	M3	200	7981	0	0	0
dense_cross_protein_dependence	balanced_BY	0.05	M4	200	11119	0	0	0
dense_cross_protein_dependence	balanced_BY	0.05	M5	200	14137	0	0	0
dense_cross_protein_dependence	balanced_BY	0.1	M0	200	44903	0	0	0
dense_cross_protein_dependence	balanced_BY	0.1	M1	200	9999	877	0.084339	0.0877088
dense_cross_protein_dependence	balanced_BY	0.1	M2	200	11861	1	8.77193e-05	8.43099e-05
dense_cross_protein_dependence	balanced_BY	0.1	M3	200	7981	0	0	0
dense_cross_protein_dependence	balanced_BY	0.1	M4	200	11119	1	8.77193e-05	8.99361e-05
dense_cross_protein_dependence	balanced_BY	0.1	M5	200	14137	0	0	0
dense_cross_protein_dependence	balanced_eBH	0.01	M0	200	44903	0	0	0
dense_cross_protein_dependence	balanced_eBH	0.01	M1	200	9999	0	0	0
dense_cross_protein_dependence	balanced_eBH	0.01	M2	200	11861	0	0	0
dense_cross_protein_dependence	balanced_eBH	0.01	M3	200	7981	0	0	0
dense_cross_protein_dependence	balanced_eBH	0.01	M4	200	11119	0	0	0
dense_cross_protein_dependence	balanced_eBH	0.01	M5	200	14137	0	0	0
dense_cross_protein_dependence	balanced_eBH	0.05	M0	200	44903	0	0	0
dense_cross_protein_dependence	balanced_eBH	0.05	M1	200	9999	0	0	0
dense_cross_protein_dependence	balanced_eBH	0.05	M2	200	11861	0	0	0
dense_cross_protein_dependence	balanced_eBH	0.05	M3	200	7981	0	0	0
dense_cross_protein_dependence	balanced_eBH	0.05	M4	200	11119	0	0	0
dense_cross_protein_dependence	balanced_eBH	0.05	M5	200	14137	0	0	0
dense_cross_protein_dependence	balanced_eBH	0.1	M0	200	44903	0	0	0
dense_cross_protein_dependence	balanced_eBH	0.1	M1	200	9999	67	0.00622377	0.00670067
dense_cross_protein_dependence	balanced_eBH	0.1	M2	200	11861	0	0	0
dense_cross_protein_dependence	balanced_eBH	0.1	M3	200	7981	0	0	0
dense_cross_protein_dependence	balanced_eBH	0.1	M4	200	11119	0	0	0
dense_cross_protein_dependence	balanced_eBH	0.1	M5	200	14137	0	0	0
dense_cross_protein_dependence	balanced_p2e_eBH	0.01	M0	200	44903	0	0	0
dense_cross_protein_dependence	balanced_p2e_eBH	0.01	M1	200	9999	0	0	0
dense_cross_protein_dependence	balanced_p2e_eBH	0.01	M2	200	11861	0	0	0
dense_cross_protein_dependence	balanced_p2e_eBH	0.01	M3	200	7981	0	0	0
dense_cross_protein_dependence	balanced_p2e_eBH	0.01	M4	200	11119	0	0	0
dense_cross_protein_dependence	balanced_p2e_eBH	0.01	M5	200	14137	0	0	0
dense_cross_protein_dependence	balanced_p2e_eBH	0.05	M0	200	44903	0	0	0
dense_cross_protein_dependence	balanced_p2e_eBH	0.05	M1	200	9999	0	0	0
dense_cross_protein_dependence	balanced_p2e_eBH	0.05	M2	200	11861	0	0	0
dense_cross_protein_dependence	balanced_p2e_eBH	0.05	M3	200	7981	0	0	0
dense_cross_protein_dependence	balanced_p2e_eBH	0.05	M4	200	11119	0	0	0
dense_cross_protein_dependence	balanced_p2e_eBH	0.05	M5	200	14137	0	0	0
dense_cross_protein_dependence	balanced_p2e_eBH	0.1	M0	200	44903	0	0	0
dense_cross_protein_dependence	balanced_p2e_eBH	0.1	M1	200	9999	0	0	0
dense_cross_protein_dependence	balanced_p2e_eBH	0.1	M2	200	11861	0	0	0
dense_cross_protein_dependence	balanced_p2e_eBH	0.1	M3	200	7981	0	0	0
dense_cross_protein_dependence	balanced_p2e_eBH	0.1	M4	200	11119	0	0	0
dense_cross_protein_dependence	balanced_p2e_eBH	0.1	M5	200	14137	0	0	0
dense_cross_protein_dependence	bayesian_FDR	0.01	M0	200	44903	0	0	0
dense_cross_protein_dependence	bayesian_FDR	0.01	M1	200	9999	0	0	0
dense_cross_protein_dependence	bayesian_FDR	0.01	M2	200	11861	0	0	0
dense_cross_protein_dependence	bayesian_FDR	0.01	M3	200	7981	0	0	0
dense_cross_protein_dependence	bayesian_FDR	0.01	M4	200	11119	0	0	0
dense_cross_protein_dependence	bayesian_FDR	0.01	M5	200	14137	0	0	0
dense_cross_protein_dependence	bayesian_FDR	0.05	M0	200	44903	0	0	0
dense_cross_protein_dependence	bayesian_FDR	0.05	M1	200	9999	0	0	0
dense_cross_protein_dependence	bayesian_FDR	0.05	M2	200	11861	0	0	0
dense_cross_protein_dependence	bayesian_FDR	0.05	M3	200	7981	0	0	0
dense_cross_protein_dependence	bayesian_FDR	0.05	M4	200	11119	0	0	0
dense_cross_protein_dependence	bayesian_FDR	0.05	M5	200	14137	0	0	0
dense_cross_protein_dependence	bayesian_FDR	0.1	M0	200	44903	0	0	0
dense_cross_protein_dependence	bayesian_FDR	0.1	M1	200	9999	3	0.000333333	0.00030003
dense_cross_protein_dependence	bayesian_FDR	0.1	M2	200	11861	0	0	0
dense_cross_protein_dependence	bayesian_FDR	0.1	M3	200	7981	0	0	0
dense_cross_protein_dependence	bayesian_FDR	0.1	M4	200	11119	0	0	0
dense_cross_protein_dependence	bayesian_FDR	0.1	M5	200	14137	0	0	0
dense_cross_protein_dependence	directional_BY	0.01	M0	200	44903	0	0	0
dense_cross_protein_dependence	directional_BY	0.01	M1	200	9999	0	0	0
dense_cross_protein_dependence	directional_BY	0.01	M2	200	11861	0	0	0
dense_cross_protein_dependence	directional_BY	0.01	M3	200	7981	0	0	0
dense_cross_protein_dependence	directional_BY	0.01	M4	200	11119	0	0	0
dense_cross_protein_dependence	directional_BY	0.01	M5	200	14137	0	0	0
dense_cross_protein_dependence	directional_BY	0.05	M0	200	44903	0	0	0
dense_cross_protein_dependence	directional_BY	0.05	M1	200	9999	0	0	0
dense_cross_protein_dependence	directional_BY	0.05	M2	200	11861	0	0	0
dense_cross_protein_dependence	directional_BY	0.05	M3	200	7981	0	0	0
dense_cross_protein_dependence	directional_BY	0.05	M4	200	11119	0	0	0
dense_cross_protein_dependence	directional_BY	0.05	M5	200	14137	0	0	0
dense_cross_protein_dependence	directional_BY	0.1	M0	200	44903	0	0	0
dense_cross_protein_dependence	directional_BY	0.1	M1	200	9999	0	0	0
dense_cross_protein_dependence	directional_BY	0.1	M2	200	11861	0	0	0
dense_cross_protein_dependence	directional_BY	0.1	M3	200	7981	0	0	0
dense_cross_protein_dependence	directional_BY	0.1	M4	200	11119	0	0	0
dense_cross_protein_dependence	directional_BY	0.1	M5	200	14137	0	0	0
dense_cross_protein_dependence	directional_eBH	0.01	M0	200	44903	0	0	0
dense_cross_protein_dependence	directional_eBH	0.01	M1	200	9999	0	0	0
dense_cross_protein_dependence	directional_eBH	0.01	M2	200	11861	0	0	0
dense_cross_protein_dependence	directional_eBH	0.01	M3	200	7981	0	0	0
dense_cross_protein_dependence	directional_eBH	0.01	M4	200	11119	0	0	0
dense_cross_protein_dependence	directional_eBH	0.01	M5	200	14137	0	0	0
dense_cross_protein_dependence	directional_eBH	0.05	M0	200	44903	0	0	0
dense_cross_protein_dependence	directional_eBH	0.05	M1	200	9999	0	0	0
dense_cross_protein_dependence	directional_eBH	0.05	M2	200	11861	0	0	0
dense_cross_protein_dependence	directional_eBH	0.05	M3	200	7981	0	0	0
dense_cross_protein_dependence	directional_eBH	0.05	M4	200	11119	0	0	0
dense_cross_protein_dependence	directional_eBH	0.05	M5	200	14137	0	0	0
dense_cross_protein_dependence	directional_eBH	0.1	M0	200	44903	0	0	0
dense_cross_protein_dependence	directional_eBH	0.1	M1	200	9999	0	0	0
dense_cross_protein_dependence	directional_eBH	0.1	M2	200	11861	0	0	0
dense_cross_protein_dependence	directional_eBH	0.1	M3	200	7981	0	0	0
dense_cross_protein_dependence	directional_eBH	0.1	M4	200	11119	0	0	0
dense_cross_protein_dependence	directional_eBH	0.1	M5	200	14137	0	0	0
directional_pleiotropy	adaptive_eBH	0.01	M0	200	45044	0	0	0
directional_pleiotropy	adaptive_eBH	0.01	M1	200	9986	0	0	0
directional_pleiotropy	adaptive_eBH	0.01	M2	200	11968	0	0	0
directional_pleiotropy	adaptive_eBH	0.01	M3	200	8137	0	0	0
directional_pleiotropy	adaptive_eBH	0.01	M4	200	10949	0	0	0
directional_pleiotropy	adaptive_eBH	0.01	M5	200	13916	0	0	0
directional_pleiotropy	adaptive_eBH	0.05	M0	200	45044	0	0	0
directional_pleiotropy	adaptive_eBH	0.05	M1	200	9986	0	0	0
directional_pleiotropy	adaptive_eBH	0.05	M2	200	11968	0	0	0
directional_pleiotropy	adaptive_eBH	0.05	M3	200	8137	0	0	0
directional_pleiotropy	adaptive_eBH	0.05	M4	200	10949	0	0	0
directional_pleiotropy	adaptive_eBH	0.05	M5	200	13916	0	0	0
directional_pleiotropy	adaptive_eBH	0.1	M0	200	45044	0	0	0
directional_pleiotropy	adaptive_eBH	0.1	M1	200	9986	0	0	0
directional_pleiotropy	adaptive_eBH	0.1	M2	200	11968	0	0	0
directional_pleiotropy	adaptive_eBH	0.1	M3	200	8137	0	0	0
directional_pleiotropy	adaptive_eBH	0.1	M4	200	10949	0	0	0
directional_pleiotropy	adaptive_eBH	0.1	M5	200	13916	0	0	0
directional_pleiotropy	balanced_AdaFilter	0.01	M0	200	45044	0	0	0
directional_pleiotropy	balanced_AdaFilter	0.01	M1	200	9986	4455	0.44204	0.446125
directional_pleiotropy	balanced_AdaFilter	0.01	M2	200	11968	653	0.0546354	0.0545622
directional_pleiotropy	balanced_AdaFilter	0.01	M3	200	8137	0	0	0
directional_pleiotropy	balanced_AdaFilter	0.01	M4	200	10949	22	0.00206064	0.00200932
directional_pleiotropy	balanced_AdaFilter	0.01	M5	200	13916	816	0.0585526	0.0586375
directional_pleiotropy	balanced_AdaFilter	0.05	M0	200	45044	0	0	0
directional_pleiotropy	balanced_AdaFilter	0.05	M1	200	9986	9264	0.927009	0.927699
directional_pleiotropy	balanced_AdaFilter	0.05	M2	200	11968	5782	0.482116	0.483122
directional_pleiotropy	balanced_AdaFilter	0.05	M3	200	8137	0	0	0
directional_pleiotropy	balanced_AdaFilter	0.05	M4	200	10949	249	0.023042	0.0227418
directional_pleiotropy	balanced_AdaFilter	0.05	M5	200	13916	6749	0.485097	0.484981
directional_pleiotropy	balanced_AdaFilter	0.1	M0	200	45044	0	0	0
directional_pleiotropy	balanced_AdaFilter	0.1	M1	200	9986	9811	0.982411	0.982475
directional_pleiotropy	balanced_AdaFilter	0.1	M2	200	11968	8582	0.715422	0.717079
directional_pleiotropy	balanced_AdaFilter	0.1	M3	200	8137	0	0	0
directional_pleiotropy	balanced_AdaFilter	0.1	M4	200	10949	694	0.0638682	0.0633848
directional_pleiotropy	balanced_AdaFilter	0.1	M5	200	13916	9938	0.71484	0.714142
directional_pleiotropy	balanced_BY	0.01	M0	200	45044	0	0	0
directional_pleiotropy	balanced_BY	0.01	M1	200	9986	12	0.001191	0.00120168
directional_pleiotropy	balanced_BY	0.01	M2	200	11968	0	0	0
directional_pleiotropy	balanced_BY	0.01	M3	200	8137	0	0	0
directional_pleiotropy	balanced_BY	0.01	M4	200	10949	0	0	0
directional_pleiotropy	balanced_BY	0.01	M5	200	13916	2	0.000120762	0.000143719
directional_pleiotropy	balanced_BY	0.05	M0	200	45044	0	0	0
directional_pleiotropy	balanced_BY	0.05	M1	200	9986	1643	0.159879	0.16453
directional_pleiotropy	balanced_BY	0.05	M2	200	11968	110	0.00943366	0.00919118
directional_pleiotropy	balanced_BY	0.05	M3	200	8137	0	0	0
directional_pleiotropy	balanced_BY	0.05	M4	200	10949	3	0.000287332	0.000273998
directional_pleiotropy	balanced_BY	0.05	M5	200	13916	148	0.010558	0.0106352
directional_pleiotropy	balanced_BY	0.1	M0	200	45044	0	0	0
directional_pleiotropy	balanced_BY	0.1	M1	200	9986	5565	0.551583	0.55728
directional_pleiotropy	balanced_BY	0.1	M2	200	11968	1136	0.0957108	0.0949198
directional_pleiotropy	balanced_BY	0.1	M3	200	8137	0	0	0
directional_pleiotropy	balanced_BY	0.1	M4	200	10949	31	0.00291591	0.00283131
directional_pleiotropy	balanced_BY	0.1	M5	200	13916	1328	0.0959066	0.0954297
directional_pleiotropy	balanced_eBH	0.01	M0	200	45044	0	0	0
directional_pleiotropy	balanced_eBH	0.01	M1	200	9986	0	0	0
directional_pleiotropy	balanced_eBH	0.01	M2	200	11968	0	0	0
directional_pleiotropy	balanced_eBH	0.01	M3	200	8137	0	0	0
directional_pleiotropy	balanced_eBH	0.01	M4	200	10949	0	0	0
directional_pleiotropy	balanced_eBH	0.01	M5	200	13916	0	0	0
directional_pleiotropy	balanced_eBH	0.05	M0	200	45044	0	0	0
directional_pleiotropy	balanced_eBH	0.05	M1	200	9986	0	0	0
directional_pleiotropy	balanced_eBH	0.05	M2	200	11968	0	0	0
directional_pleiotropy	balanced_eBH	0.05	M3	200	8137	0	0	0
directional_pleiotropy	balanced_eBH	0.05	M4	200	10949	0	0	0
directional_pleiotropy	balanced_eBH	0.05	M5	200	13916	0	0	0
directional_pleiotropy	balanced_eBH	0.1	M0	200	45044	0	0	0
directional_pleiotropy	balanced_eBH	0.1	M1	200	9986	2355	0.227599	0.23583
directional_pleiotropy	balanced_eBH	0.1	M2	200	11968	225	0.0189913	0.0188001
directional_pleiotropy	balanced_eBH	0.1	M3	200	8137	0	0	0
directional_pleiotropy	balanced_eBH	0.1	M4	200	10949	7	0.000672657	0.000639328
directional_pleiotropy	balanced_eBH	0.1	M5	200	13916	296	0.0212119	0.0212705
directional_pleiotropy	balanced_p2e_eBH	0.01	M0	200	45044	0	0	0
directional_pleiotropy	balanced_p2e_eBH	0.01	M1	200	9986	0	0	0
directional_pleiotropy	balanced_p2e_eBH	0.01	M2	200	11968	0	0	0
directional_pleiotropy	balanced_p2e_eBH	0.01	M3	200	8137	0	0	0
directional_pleiotropy	balanced_p2e_eBH	0.01	M4	200	10949	0	0	0
directional_pleiotropy	balanced_p2e_eBH	0.01	M5	200	13916	0	0	0
directional_pleiotropy	balanced_p2e_eBH	0.05	M0	200	45044	0	0	0
directional_pleiotropy	balanced_p2e_eBH	0.05	M1	200	9986	0	0	0
directional_pleiotropy	balanced_p2e_eBH	0.05	M2	200	11968	0	0	0
directional_pleiotropy	balanced_p2e_eBH	0.05	M3	200	8137	0	0	0
directional_pleiotropy	balanced_p2e_eBH	0.05	M4	200	10949	0	0	0
directional_pleiotropy	balanced_p2e_eBH	0.05	M5	200	13916	0	0	0
directional_pleiotropy	balanced_p2e_eBH	0.1	M0	200	45044	0	0	0
directional_pleiotropy	balanced_p2e_eBH	0.1	M1	200	9986	7	0.000700378	0.000700981
directional_pleiotropy	balanced_p2e_eBH	0.1	M2	200	11968	0	0	0
directional_pleiotropy	balanced_p2e_eBH	0.1	M3	200	8137	0	0	0
directional_pleiotropy	balanced_p2e_eBH	0.1	M4	200	10949	0	0	0
directional_pleiotropy	balanced_p2e_eBH	0.1	M5	200	13916	0	0	0
directional_pleiotropy	bayesian_FDR	0.01	M0	200	45044	0	0	0
directional_pleiotropy	bayesian_FDR	0.01	M1	200	9986	0	0	0
directional_pleiotropy	bayesian_FDR	0.01	M2	200	11968	0	0	0
directional_pleiotropy	bayesian_FDR	0.01	M3	200	8137	0	0	0
directional_pleiotropy	bayesian_FDR	0.01	M4	200	10949	0	0	0
directional_pleiotropy	bayesian_FDR	0.01	M5	200	13916	0	0	0
directional_pleiotropy	bayesian_FDR	0.05	M0	200	45044	0	0	0
directional_pleiotropy	bayesian_FDR	0.05	M1	200	9986	0	0	0
directional_pleiotropy	bayesian_FDR	0.05	M2	200	11968	0	0	0
directional_pleiotropy	bayesian_FDR	0.05	M3	200	8137	0	0	0
directional_pleiotropy	bayesian_FDR	0.05	M4	200	10949	0	0	0
directional_pleiotropy	bayesian_FDR	0.05	M5	200	13916	0	0	0
directional_pleiotropy	bayesian_FDR	0.1	M0	200	45044	0	0	0
directional_pleiotropy	bayesian_FDR	0.1	M1	200	9986	21	0.00209813	0.00210294
directional_pleiotropy	bayesian_FDR	0.1	M2	200	11968	1	9.43396e-05	8.35561e-05
directional_pleiotropy	bayesian_FDR	0.1	M3	200	8137	0	0	0
directional_pleiotropy	bayesian_FDR	0.1	M4	200	10949	0	0	0
directional_pleiotropy	bayesian_FDR	0.1	M5	200	13916	0	0	0
directional_pleiotropy	directional_BY	0.01	M0	200	45044	0	0	0
directional_pleiotropy	directional_BY	0.01	M1	200	9986	0	0	0
directional_pleiotropy	directional_BY	0.01	M2	200	11968	0	0	0
directional_pleiotropy	directional_BY	0.01	M3	200	8137	0	0	0
directional_pleiotropy	directional_BY	0.01	M4	200	10949	0	0	0
directional_pleiotropy	directional_BY	0.01	M5	200	13916	0	0	0
directional_pleiotropy	directional_BY	0.05	M0	200	45044	0	0	0
directional_pleiotropy	directional_BY	0.05	M1	200	9986	0	0	0
directional_pleiotropy	directional_BY	0.05	M2	200	11968	0	0	0
directional_pleiotropy	directional_BY	0.05	M3	200	8137	0	0	0
directional_pleiotropy	directional_BY	0.05	M4	200	10949	0	0	0
directional_pleiotropy	directional_BY	0.05	M5	200	13916	0	0	0
directional_pleiotropy	directional_BY	0.1	M0	200	45044	0	0	0
directional_pleiotropy	directional_BY	0.1	M1	200	9986	0	0	0
directional_pleiotropy	directional_BY	0.1	M2	200	11968	0	0	0
directional_pleiotropy	directional_BY	0.1	M3	200	8137	0	0	0
directional_pleiotropy	directional_BY	0.1	M4	200	10949	0	0	0
directional_pleiotropy	directional_BY	0.1	M5	200	13916	0	0	0
directional_pleiotropy	directional_eBH	0.01	M0	200	45044	0	0	0
directional_pleiotropy	directional_eBH	0.01	M1	200	9986	0	0	0
directional_pleiotropy	directional_eBH	0.01	M2	200	11968	0	0	0
directional_pleiotropy	directional_eBH	0.01	M3	200	8137	0	0	0
directional_pleiotropy	directional_eBH	0.01	M4	200	10949	0	0	0
directional_pleiotropy	directional_eBH	0.01	M5	200	13916	0	0	0
directional_pleiotropy	directional_eBH	0.05	M0	200	45044	0	0	0
directional_pleiotropy	directional_eBH	0.05	M1	200	9986	0	0	0
directional_pleiotropy	directional_eBH	0.05	M2	200	11968	0	0	0
directional_pleiotropy	directional_eBH	0.05	M3	200	8137	0	0	0
directional_pleiotropy	directional_eBH	0.05	M4	200	10949	0	0	0
directional_pleiotropy	directional_eBH	0.05	M5	200	13916	0	0	0
directional_pleiotropy	directional_eBH	0.1	M0	200	45044	0	0	0
directional_pleiotropy	directional_eBH	0.1	M1	200	9986	0	0	0
directional_pleiotropy	directional_eBH	0.1	M2	200	11968	0	0	0
directional_pleiotropy	directional_eBH	0.1	M3	200	8137	0	0	0
directional_pleiotropy	directional_eBH	0.1	M4	200	10949	0	0	0
directional_pleiotropy	directional_eBH	0.1	M5	200	13916	0	0	0
global_null	adaptive_eBH	0.01	M0	200	100000	0	0	0
global_null	adaptive_eBH	0.01	M1	200	0	0	0	nan
global_null	adaptive_eBH	0.01	M2	200	0	0	0	nan
global_null	adaptive_eBH	0.01	M3	200	0	0	0	nan
global_null	adaptive_eBH	0.01	M4	200	0	0	0	nan
global_null	adaptive_eBH	0.01	M5	200	0	0	0	nan
global_null	adaptive_eBH	0.05	M0	200	100000	0	0	0
global_null	adaptive_eBH	0.05	M1	200	0	0	0	nan
global_null	adaptive_eBH	0.05	M2	200	0	0	0	nan
global_null	adaptive_eBH	0.05	M3	200	0	0	0	nan
global_null	adaptive_eBH	0.05	M4	200	0	0	0	nan
global_null	adaptive_eBH	0.05	M5	200	0	0	0	nan
global_null	adaptive_eBH	0.1	M0	200	100000	0	0	0
global_null	adaptive_eBH	0.1	M1	200	0	0	0	nan
global_null	adaptive_eBH	0.1	M2	200	0	0	0	nan
global_null	adaptive_eBH	0.1	M3	200	0	0	0	nan
global_null	adaptive_eBH	0.1	M4	200	0	0	0	nan
global_null	adaptive_eBH	0.1	M5	200	0	0	0	nan
global_null	balanced_AdaFilter	0.01	M0	200	100000	0	0	0
global_null	balanced_AdaFilter	0.01	M1	200	0	0	0	nan
global_null	balanced_AdaFilter	0.01	M2	200	0	0	0	nan
global_null	balanced_AdaFilter	0.01	M3	200	0	0	0	nan
global_null	balanced_AdaFilter	0.01	M4	200	0	0	0	nan
global_null	balanced_AdaFilter	0.01	M5	200	0	0	0	nan
global_null	balanced_AdaFilter	0.05	M0	200	100000	0	0	0
global_null	balanced_AdaFilter	0.05	M1	200	0	0	0	nan
global_null	balanced_AdaFilter	0.05	M2	200	0	0	0	nan
global_null	balanced_AdaFilter	0.05	M3	200	0	0	0	nan
global_null	balanced_AdaFilter	0.05	M4	200	0	0	0	nan
global_null	balanced_AdaFilter	0.05	M5	200	0	0	0	nan
global_null	balanced_AdaFilter	0.1	M0	200	100000	0	0	0
global_null	balanced_AdaFilter	0.1	M1	200	0	0	0	nan
global_null	balanced_AdaFilter	0.1	M2	200	0	0	0	nan
global_null	balanced_AdaFilter	0.1	M3	200	0	0	0	nan
global_null	balanced_AdaFilter	0.1	M4	200	0	0	0	nan
global_null	balanced_AdaFilter	0.1	M5	200	0	0	0	nan
global_null	balanced_BY	0.01	M0	200	100000	0	0	0
global_null	balanced_BY	0.01	M1	200	0	0	0	nan
global_null	balanced_BY	0.01	M2	200	0	0	0	nan
global_null	balanced_BY	0.01	M3	200	0	0	0	nan
global_null	balanced_BY	0.01	M4	200	0	0	0	nan
global_null	balanced_BY	0.01	M5	200	0	0	0	nan
global_null	balanced_BY	0.05	M0	200	100000	0	0	0
global_null	balanced_BY	0.05	M1	200	0	0	0	nan
global_null	balanced_BY	0.05	M2	200	0	0	0	nan
global_null	balanced_BY	0.05	M3	200	0	0	0	nan
global_null	balanced_BY	0.05	M4	200	0	0	0	nan
global_null	balanced_BY	0.05	M5	200	0	0	0	nan
global_null	balanced_BY	0.1	M0	200	100000	0	0	0
global_null	balanced_BY	0.1	M1	200	0	0	0	nan
global_null	balanced_BY	0.1	M2	200	0	0	0	nan
global_null	balanced_BY	0.1	M3	200	0	0	0	nan
global_null	balanced_BY	0.1	M4	200	0	0	0	nan
global_null	balanced_BY	0.1	M5	200	0	0	0	nan
global_null	balanced_eBH	0.01	M0	200	100000	0	0	0
global_null	balanced_eBH	0.01	M1	200	0	0	0	nan
global_null	balanced_eBH	0.01	M2	200	0	0	0	nan
global_null	balanced_eBH	0.01	M3	200	0	0	0	nan
global_null	balanced_eBH	0.01	M4	200	0	0	0	nan
global_null	balanced_eBH	0.01	M5	200	0	0	0	nan
global_null	balanced_eBH	0.05	M0	200	100000	0	0	0
global_null	balanced_eBH	0.05	M1	200	0	0	0	nan
global_null	balanced_eBH	0.05	M2	200	0	0	0	nan
global_null	balanced_eBH	0.05	M3	200	0	0	0	nan
global_null	balanced_eBH	0.05	M4	200	0	0	0	nan
global_null	balanced_eBH	0.05	M5	200	0	0	0	nan
global_null	balanced_eBH	0.1	M0	200	100000	0	0	0
global_null	balanced_eBH	0.1	M1	200	0	0	0	nan
global_null	balanced_eBH	0.1	M2	200	0	0	0	nan
global_null	balanced_eBH	0.1	M3	200	0	0	0	nan
global_null	balanced_eBH	0.1	M4	200	0	0	0	nan
global_null	balanced_eBH	0.1	M5	200	0	0	0	nan
global_null	balanced_p2e_eBH	0.01	M0	200	100000	0	0	0
global_null	balanced_p2e_eBH	0.01	M1	200	0	0	0	nan
global_null	balanced_p2e_eBH	0.01	M2	200	0	0	0	nan
global_null	balanced_p2e_eBH	0.01	M3	200	0	0	0	nan
global_null	balanced_p2e_eBH	0.01	M4	200	0	0	0	nan
global_null	balanced_p2e_eBH	0.01	M5	200	0	0	0	nan
global_null	balanced_p2e_eBH	0.05	M0	200	100000	0	0	0
global_null	balanced_p2e_eBH	0.05	M1	200	0	0	0	nan
global_null	balanced_p2e_eBH	0.05	M2	200	0	0	0	nan
global_null	balanced_p2e_eBH	0.05	M3	200	0	0	0	nan
global_null	balanced_p2e_eBH	0.05	M4	200	0	0	0	nan
global_null	balanced_p2e_eBH	0.05	M5	200	0	0	0	nan
global_null	balanced_p2e_eBH	0.1	M0	200	100000	0	0	0
global_null	balanced_p2e_eBH	0.1	M1	200	0	0	0	nan
global_null	balanced_p2e_eBH	0.1	M2	200	0	0	0	nan
global_null	balanced_p2e_eBH	0.1	M3	200	0	0	0	nan
global_null	balanced_p2e_eBH	0.1	M4	200	0	0	0	nan
global_null	balanced_p2e_eBH	0.1	M5	200	0	0	0	nan
global_null	bayesian_FDR	0.01	M0	200	100000	0	0	0
global_null	bayesian_FDR	0.01	M1	200	0	0	0	nan
global_null	bayesian_FDR	0.01	M2	200	0	0	0	nan
global_null	bayesian_FDR	0.01	M3	200	0	0	0	nan
global_null	bayesian_FDR	0.01	M4	200	0	0	0	nan
global_null	bayesian_FDR	0.01	M5	200	0	0	0	nan
global_null	bayesian_FDR	0.05	M0	200	100000	0	0	0
global_null	bayesian_FDR	0.05	M1	200	0	0	0	nan
global_null	bayesian_FDR	0.05	M2	200	0	0	0	nan
global_null	bayesian_FDR	0.05	M3	200	0	0	0	nan
global_null	bayesian_FDR	0.05	M4	200	0	0	0	nan
global_null	bayesian_FDR	0.05	M5	200	0	0	0	nan
global_null	bayesian_FDR	0.1	M0	200	100000	0	0	0
global_null	bayesian_FDR	0.1	M1	200	0	0	0	nan
global_null	bayesian_FDR	0.1	M2	200	0	0	0	nan
global_null	bayesian_FDR	0.1	M3	200	0	0	0	nan
global_null	bayesian_FDR	0.1	M4	200	0	0	0	nan
global_null	bayesian_FDR	0.1	M5	200	0	0	0	nan
global_null	directional_BY	0.01	M0	200	100000	0	0	0
global_null	directional_BY	0.01	M1	200	0	0	0	nan
global_null	directional_BY	0.01	M2	200	0	0	0	nan
global_null	directional_BY	0.01	M3	200	0	0	0	nan
global_null	directional_BY	0.01	M4	200	0	0	0	nan
global_null	directional_BY	0.01	M5	200	0	0	0	nan
global_null	directional_BY	0.05	M0	200	100000	0	0	0
global_null	directional_BY	0.05	M1	200	0	0	0	nan
global_null	directional_BY	0.05	M2	200	0	0	0	nan
global_null	directional_BY	0.05	M3	200	0	0	0	nan
global_null	directional_BY	0.05	M4	200	0	0	0	nan
global_null	directional_BY	0.05	M5	200	0	0	0	nan
global_null	directional_BY	0.1	M0	200	100000	0	0	0
global_null	directional_BY	0.1	M1	200	0	0	0	nan
global_null	directional_BY	0.1	M2	200	0	0	0	nan
global_null	directional_BY	0.1	M3	200	0	0	0	nan
global_null	directional_BY	0.1	M4	200	0	0	0	nan
global_null	directional_BY	0.1	M5	200	0	0	0	nan
global_null	directional_eBH	0.01	M0	200	100000	0	0	0
global_null	directional_eBH	0.01	M1	200	0	0	0	nan
global_null	directional_eBH	0.01	M2	200	0	0	0	nan
global_null	directional_eBH	0.01	M3	200	0	0	0	nan
global_null	directional_eBH	0.01	M4	200	0	0	0	nan
global_null	directional_eBH	0.01	M5	200	0	0	0	nan
global_null	directional_eBH	0.05	M0	200	100000	0	0	0
global_null	directional_eBH	0.05	M1	200	0	0	0	nan
global_null	directional_eBH	0.05	M2	200	0	0	0	nan
global_null	directional_eBH	0.05	M3	200	0	0	0	nan
global_null	directional_eBH	0.05	M4	200	0	0	0	nan
global_null	directional_eBH	0.05	M5	200	0	0	0	nan
global_null	directional_eBH	0.1	M0	200	100000	0	0	0
global_null	directional_eBH	0.1	M1	200	0	0	0	nan
global_null	directional_eBH	0.1	M2	200	0	0	0	nan
global_null	directional_eBH	0.1	M3	200	0	0	0	nan
global_null	directional_eBH	0.1	M4	200	0	0	0	nan
global_null	directional_eBH	0.1	M5	200	0	0	0	nan
least_favorable_null	adaptive_eBH	0.01	M0	200	0	0	0	nan
least_favorable_null	adaptive_eBH	0.01	M1	200	0	0	0	nan
least_favorable_null	adaptive_eBH	0.01	M2	200	50064	0	0	0
least_favorable_null	adaptive_eBH	0.01	M3	200	0	0	0	nan
least_favorable_null	adaptive_eBH	0.01	M4	200	49936	0	0	0
least_favorable_null	adaptive_eBH	0.01	M5	200	0	0	0	nan
least_favorable_null	adaptive_eBH	0.05	M0	200	0	0	0	nan
least_favorable_null	adaptive_eBH	0.05	M1	200	0	0	0	nan
least_favorable_null	adaptive_eBH	0.05	M2	200	50064	0	0	0
least_favorable_null	adaptive_eBH	0.05	M3	200	0	0	0	nan
least_favorable_null	adaptive_eBH	0.05	M4	200	49936	0	0	0
least_favorable_null	adaptive_eBH	0.05	M5	200	0	0	0	nan
least_favorable_null	adaptive_eBH	0.1	M0	200	0	0	0	nan
least_favorable_null	adaptive_eBH	0.1	M1	200	0	0	0	nan
least_favorable_null	adaptive_eBH	0.1	M2	200	50064	0	0	0
least_favorable_null	adaptive_eBH	0.1	M3	200	0	0	0	nan
least_favorable_null	adaptive_eBH	0.1	M4	200	49936	0	0	0
least_favorable_null	adaptive_eBH	0.1	M5	200	0	0	0	nan
least_favorable_null	balanced_AdaFilter	0.01	M0	200	0	0	0	nan
least_favorable_null	balanced_AdaFilter	0.01	M1	200	0	0	0	nan
least_favorable_null	balanced_AdaFilter	0.01	M2	200	50064	0	0	0
least_favorable_null	balanced_AdaFilter	0.01	M3	200	0	0	0	nan
least_favorable_null	balanced_AdaFilter	0.01	M4	200	49936	3	6.01815e-05	6.00769e-05
least_favorable_null	balanced_AdaFilter	0.01	M5	200	0	0	0	nan
least_favorable_null	balanced_AdaFilter	0.05	M0	200	0	0	0	nan
least_favorable_null	balanced_AdaFilter	0.05	M1	200	0	0	0	nan
least_favorable_null	balanced_AdaFilter	0.05	M2	200	50064	4	8.16154e-05	7.98977e-05
least_favorable_null	balanced_AdaFilter	0.05	M3	200	0	0	0	nan
least_favorable_null	balanced_AdaFilter	0.05	M4	200	49936	11	0.000221185	0.000220282
least_favorable_null	balanced_AdaFilter	0.05	M5	200	0	0	0	nan
least_favorable_null	balanced_AdaFilter	0.1	M0	200	0	0	0	nan
least_favorable_null	balanced_AdaFilter	0.1	M1	200	0	0	0	nan
least_favorable_null	balanced_AdaFilter	0.1	M2	200	50064	10	0.000204357	0.000199744
least_favorable_null	balanced_AdaFilter	0.1	M3	200	0	0	0	nan
least_favorable_null	balanced_AdaFilter	0.1	M4	200	49936	18	0.000359303	0.000360461
least_favorable_null	balanced_AdaFilter	0.1	M5	200	0	0	0	nan
least_favorable_null	balanced_BY	0.01	M0	200	0	0	0	nan
least_favorable_null	balanced_BY	0.01	M1	200	0	0	0	nan
least_favorable_null	balanced_BY	0.01	M2	200	50064	0	0	0
least_favorable_null	balanced_BY	0.01	M3	200	0	0	0	nan
least_favorable_null	balanced_BY	0.01	M4	200	49936	0	0	0
least_favorable_null	balanced_BY	0.01	M5	200	0	0	0	nan
least_favorable_null	balanced_BY	0.05	M0	200	0	0	0	nan
least_favorable_null	balanced_BY	0.05	M1	200	0	0	0	nan
least_favorable_null	balanced_BY	0.05	M2	200	50064	0	0	0
least_favorable_null	balanced_BY	0.05	M3	200	0	0	0	nan
least_favorable_null	balanced_BY	0.05	M4	200	49936	0	0	0
least_favorable_null	balanced_BY	0.05	M5	200	0	0	0	nan
least_favorable_null	balanced_BY	0.1	M0	200	0	0	0	nan
least_favorable_null	balanced_BY	0.1	M1	200	0	0	0	nan
least_favorable_null	balanced_BY	0.1	M2	200	50064	0	0	0
least_favorable_null	balanced_BY	0.1	M3	200	0	0	0	nan
least_favorable_null	balanced_BY	0.1	M4	200	49936	0	0	0
least_favorable_null	balanced_BY	0.1	M5	200	0	0	0	nan
least_favorable_null	balanced_eBH	0.01	M0	200	0	0	0	nan
least_favorable_null	balanced_eBH	0.01	M1	200	0	0	0	nan
least_favorable_null	balanced_eBH	0.01	M2	200	50064	0	0	0
least_favorable_null	balanced_eBH	0.01	M3	200	0	0	0	nan
least_favorable_null	balanced_eBH	0.01	M4	200	49936	0	0	0
least_favorable_null	balanced_eBH	0.01	M5	200	0	0	0	nan
least_favorable_null	balanced_eBH	0.05	M0	200	0	0	0	nan
least_favorable_null	balanced_eBH	0.05	M1	200	0	0	0	nan
least_favorable_null	balanced_eBH	0.05	M2	200	50064	0	0	0
least_favorable_null	balanced_eBH	0.05	M3	200	0	0	0	nan
least_favorable_null	balanced_eBH	0.05	M4	200	49936	0	0	0
least_favorable_null	balanced_eBH	0.05	M5	200	0	0	0	nan
least_favorable_null	balanced_eBH	0.1	M0	200	0	0	0	nan
least_favorable_null	balanced_eBH	0.1	M1	200	0	0	0	nan
least_favorable_null	balanced_eBH	0.1	M2	200	50064	0	0	0
least_favorable_null	balanced_eBH	0.1	M3	200	0	0	0	nan
least_favorable_null	balanced_eBH	0.1	M4	200	49936	0	0	0
least_favorable_null	balanced_eBH	0.1	M5	200	0	0	0	nan
least_favorable_null	balanced_p2e_eBH	0.01	M0	200	0	0	0	nan
least_favorable_null	balanced_p2e_eBH	0.01	M1	200	0	0	0	nan
least_favorable_null	balanced_p2e_eBH	0.01	M2	200	50064	0	0	0
least_favorable_null	balanced_p2e_eBH	0.01	M3	200	0	0	0	nan
least_favorable_null	balanced_p2e_eBH	0.01	M4	200	49936	0	0	0
least_favorable_null	balanced_p2e_eBH	0.01	M5	200	0	0	0	nan
least_favorable_null	balanced_p2e_eBH	0.05	M0	200	0	0	0	nan
least_favorable_null	balanced_p2e_eBH	0.05	M1	200	0	0	0	nan
least_favorable_null	balanced_p2e_eBH	0.05	M2	200	50064	0	0	0
least_favorable_null	balanced_p2e_eBH	0.05	M3	200	0	0	0	nan
least_favorable_null	balanced_p2e_eBH	0.05	M4	200	49936	0	0	0
least_favorable_null	balanced_p2e_eBH	0.05	M5	200	0	0	0	nan
least_favorable_null	balanced_p2e_eBH	0.1	M0	200	0	0	0	nan
least_favorable_null	balanced_p2e_eBH	0.1	M1	200	0	0	0	nan
least_favorable_null	balanced_p2e_eBH	0.1	M2	200	50064	0	0	0
least_favorable_null	balanced_p2e_eBH	0.1	M3	200	0	0	0	nan
least_favorable_null	balanced_p2e_eBH	0.1	M4	200	49936	0	0	0
least_favorable_null	balanced_p2e_eBH	0.1	M5	200	0	0	0	nan
least_favorable_null	bayesian_FDR	0.01	M0	200	0	0	0	nan
least_favorable_null	bayesian_FDR	0.01	M1	200	0	0	0	nan
least_favorable_null	bayesian_FDR	0.01	M2	200	50064	0	0	0
least_favorable_null	bayesian_FDR	0.01	M3	200	0	0	0	nan
least_favorable_null	bayesian_FDR	0.01	M4	200	49936	0	0	0
least_favorable_null	bayesian_FDR	0.01	M5	200	0	0	0	nan
least_favorable_null	bayesian_FDR	0.05	M0	200	0	0	0	nan
least_favorable_null	bayesian_FDR	0.05	M1	200	0	0	0	nan
least_favorable_null	bayesian_FDR	0.05	M2	200	50064	0	0	0
least_favorable_null	bayesian_FDR	0.05	M3	200	0	0	0	nan
least_favorable_null	bayesian_FDR	0.05	M4	200	49936	0	0	0
least_favorable_null	bayesian_FDR	0.05	M5	200	0	0	0	nan
least_favorable_null	bayesian_FDR	0.1	M0	200	0	0	0	nan
least_favorable_null	bayesian_FDR	0.1	M1	200	0	0	0	nan
least_favorable_null	bayesian_FDR	0.1	M2	200	50064	0	0	0
least_favorable_null	bayesian_FDR	0.1	M3	200	0	0	0	nan
least_favorable_null	bayesian_FDR	0.1	M4	200	49936	0	0	0
least_favorable_null	bayesian_FDR	0.1	M5	200	0	0	0	nan
least_favorable_null	directional_BY	0.01	M0	200	0	0	0	nan
least_favorable_null	directional_BY	0.01	M1	200	0	0	0	nan
least_favorable_null	directional_BY	0.01	M2	200	50064	0	0	0
least_favorable_null	directional_BY	0.01	M3	200	0	0	0	nan
least_favorable_null	directional_BY	0.01	M4	200	49936	0	0	0
least_favorable_null	directional_BY	0.01	M5	200	0	0	0	nan
least_favorable_null	directional_BY	0.05	M0	200	0	0	0	nan
least_favorable_null	directional_BY	0.05	M1	200	0	0	0	nan
least_favorable_null	directional_BY	0.05	M2	200	50064	0	0	0
least_favorable_null	directional_BY	0.05	M3	200	0	0	0	nan
least_favorable_null	directional_BY	0.05	M4	200	49936	0	0	0
least_favorable_null	directional_BY	0.05	M5	200	0	0	0	nan
least_favorable_null	directional_BY	0.1	M0	200	0	0	0	nan
least_favorable_null	directional_BY	0.1	M1	200	0	0	0	nan
least_favorable_null	directional_BY	0.1	M2	200	50064	0	0	0
least_favorable_null	directional_BY	0.1	M3	200	0	0	0	nan
least_favorable_null	directional_BY	0.1	M4	200	49936	0	0	0
least_favorable_null	directional_BY	0.1	M5	200	0	0	0	nan
least_favorable_null	directional_eBH	0.01	M0	200	0	0	0	nan
least_favorable_null	directional_eBH	0.01	M1	200	0	0	0	nan
least_favorable_null	directional_eBH	0.01	M2	200	50064	0	0	0
least_favorable_null	directional_eBH	0.01	M3	200	0	0	0	nan
least_favorable_null	directional_eBH	0.01	M4	200	49936	0	0	0
least_favorable_null	directional_eBH	0.01	M5	200	0	0	0	nan
least_favorable_null	directional_eBH	0.05	M0	200	0	0	0	nan
least_favorable_null	directional_eBH	0.05	M1	200	0	0	0	nan
least_favorable_null	directional_eBH	0.05	M2	200	50064	0	0	0
least_favorable_null	directional_eBH	0.05	M3	200	0	0	0	nan
least_favorable_null	directional_eBH	0.05	M4	200	49936	0	0	0
least_favorable_null	directional_eBH	0.05	M5	200	0	0	0	nan
least_favorable_null	directional_eBH	0.1	M0	200	0	0	0	nan
least_favorable_null	directional_eBH	0.1	M1	200	0	0	0	nan
least_favorable_null	directional_eBH	0.1	M2	200	50064	0	0	0
least_favorable_null	directional_eBH	0.1	M3	200	0	0	0	nan
least_favorable_null	directional_eBH	0.1	M4	200	49936	0	0	0
least_favorable_null	directional_eBH	0.1	M5	200	0	0	0	nan
narrow_balanced	adaptive_eBH	0.01	M0	200	45017	0	0	0
narrow_balanced	adaptive_eBH	0.01	M1	200	10046	0	0	0
narrow_balanced	adaptive_eBH	0.01	M2	200	11821	0	0	0
narrow_balanced	adaptive_eBH	0.01	M3	200	8023	0	0	0
narrow_balanced	adaptive_eBH	0.01	M4	200	11067	0	0	0
narrow_balanced	adaptive_eBH	0.01	M5	200	14026	0	0	0
narrow_balanced	adaptive_eBH	0.05	M0	200	45017	0	0	0
narrow_balanced	adaptive_eBH	0.05	M1	200	10046	0	0	0
narrow_balanced	adaptive_eBH	0.05	M2	200	11821	0	0	0
narrow_balanced	adaptive_eBH	0.05	M3	200	8023	0	0	0
narrow_balanced	adaptive_eBH	0.05	M4	200	11067	0	0	0
narrow_balanced	adaptive_eBH	0.05	M5	200	14026	0	0	0
narrow_balanced	adaptive_eBH	0.1	M0	200	45017	0	0	0
narrow_balanced	adaptive_eBH	0.1	M1	200	10046	0	0	0
narrow_balanced	adaptive_eBH	0.1	M2	200	11821	0	0	0
narrow_balanced	adaptive_eBH	0.1	M3	200	8023	0	0	0
narrow_balanced	adaptive_eBH	0.1	M4	200	11067	0	0	0
narrow_balanced	adaptive_eBH	0.1	M5	200	14026	0	0	0
narrow_balanced	balanced_AdaFilter	0.01	M0	200	45017	0	0	0
narrow_balanced	balanced_AdaFilter	0.01	M1	200	10046	1348	0.131951	0.134183
narrow_balanced	balanced_AdaFilter	0.01	M2	200	11821	1	8.19672e-05	8.45952e-05
narrow_balanced	balanced_AdaFilter	0.01	M3	200	8023	0	0	0
narrow_balanced	balanced_AdaFilter	0.01	M4	200	11067	3	0.000262867	0.000271076
narrow_balanced	balanced_AdaFilter	0.01	M5	200	14026	2	0.000145155	0.000142592
narrow_balanced	balanced_AdaFilter	0.05	M0	200	45017	0	0	0
narrow_balanced	balanced_AdaFilter	0.05	M1	200	10046	6839	0.675461	0.680768
narrow_balanced	balanced_AdaFilter	0.05	M2	200	11821	100	0.00850273	0.00845952
narrow_balanced	balanced_AdaFilter	0.05	M3	200	8023	0	0	0
narrow_balanced	balanced_AdaFilter	0.05	M4	200	11067	90	0.0082088	0.00813229
narrow_balanced	balanced_AdaFilter	0.05	M5	200	14026	100	0.0071814	0.00712962
narrow_balanced	balanced_AdaFilter	0.1	M0	200	45017	0	0	0
narrow_balanced	balanced_AdaFilter	0.1	M1	200	10046	8769	0.870073	0.872885
narrow_balanced	balanced_AdaFilter	0.1	M2	200	11821	245	0.02092	0.0207258
narrow_balanced	balanced_AdaFilter	0.1	M3	200	8023	0	0	0
narrow_balanced	balanced_AdaFilter	0.1	M4	200	11067	236	0.0215209	0.0213247
narrow_balanced	balanced_AdaFilter	0.1	M5	200	14026	277	0.0198325	0.019749
narrow_balanced	balanced_BY	0.01	M0	200	45017	0	0	0
narrow_balanced	balanced_BY	0.01	M1	200	10046	0	0	0
narrow_balanced	balanced_BY	0.01	M2	200	11821	0	0	0
narrow_balanced	balanced_BY	0.01	M3	200	8023	0	0	0
narrow_balanced	balanced_BY	0.01	M4	200	11067	0	0	0
narrow_balanced	balanced_BY	0.01	M5	200	14026	0	0	0
narrow_balanced	balanced_BY	0.05	M0	200	45017	0	0	0
narrow_balanced	balanced_BY	0.05	M1	200	10046	36	0.00375786	0.00358352
narrow_balanced	balanced_BY	0.05	M2	200	11821	0	0	0
narrow_balanced	balanced_BY	0.05	M3	200	8023	0	0	0
narrow_balanced	balanced_BY	0.05	M4	200	11067	0	0	0
narrow_balanced	balanced_BY	0.05	M5	200	14026	0	0	0
narrow_balanced	balanced_BY	0.1	M0	200	45017	0	0	0
narrow_balanced	balanced_BY	0.1	M1	200	10046	499	0.0485922	0.0496715
narrow_balanced	balanced_BY	0.1	M2	200	11821	0	0	0
narrow_balanced	balanced_BY	0.1	M3	200	8023	0	0	0
narrow_balanced	balanced_BY	0.1	M4	200	11067	0	0	0
narrow_balanced	balanced_BY	0.1	M5	200	14026	0	0	0
narrow_balanced	balanced_eBH	0.01	M0	200	45017	0	0	0
narrow_balanced	balanced_eBH	0.01	M1	200	10046	0	0	0
narrow_balanced	balanced_eBH	0.01	M2	200	11821	0	0	0
narrow_balanced	balanced_eBH	0.01	M3	200	8023	0	0	0
narrow_balanced	balanced_eBH	0.01	M4	200	11067	0	0	0
narrow_balanced	balanced_eBH	0.01	M5	200	14026	0	0	0
narrow_balanced	balanced_eBH	0.05	M0	200	45017	0	0	0
narrow_balanced	balanced_eBH	0.05	M1	200	10046	0	0	0
narrow_balanced	balanced_eBH	0.05	M2	200	11821	0	0	0
narrow_balanced	balanced_eBH	0.05	M3	200	8023	0	0	0
narrow_balanced	balanced_eBH	0.05	M4	200	11067	0	0	0
narrow_balanced	balanced_eBH	0.05	M5	200	14026	0	0	0
narrow_balanced	balanced_eBH	0.1	M0	200	45017	0	0	0
narrow_balanced	balanced_eBH	0.1	M1	200	10046	0	0	0
narrow_balanced	balanced_eBH	0.1	M2	200	11821	0	0	0
narrow_balanced	balanced_eBH	0.1	M3	200	8023	0	0	0
narrow_balanced	balanced_eBH	0.1	M4	200	11067	0	0	0
narrow_balanced	balanced_eBH	0.1	M5	200	14026	0	0	0
narrow_balanced	balanced_p2e_eBH	0.01	M0	200	45017	0	0	0
narrow_balanced	balanced_p2e_eBH	0.01	M1	200	10046	0	0	0
narrow_balanced	balanced_p2e_eBH	0.01	M2	200	11821	0	0	0
narrow_balanced	balanced_p2e_eBH	0.01	M3	200	8023	0	0	0
narrow_balanced	balanced_p2e_eBH	0.01	M4	200	11067	0	0	0
narrow_balanced	balanced_p2e_eBH	0.01	M5	200	14026	0	0	0
narrow_balanced	balanced_p2e_eBH	0.05	M0	200	45017	0	0	0
narrow_balanced	balanced_p2e_eBH	0.05	M1	200	10046	0	0	0
narrow_balanced	balanced_p2e_eBH	0.05	M2	200	11821	0	0	0
narrow_balanced	balanced_p2e_eBH	0.05	M3	200	8023	0	0	0
narrow_balanced	balanced_p2e_eBH	0.05	M4	200	11067	0	0	0
narrow_balanced	balanced_p2e_eBH	0.05	M5	200	14026	0	0	0
narrow_balanced	balanced_p2e_eBH	0.1	M0	200	45017	0	0	0
narrow_balanced	balanced_p2e_eBH	0.1	M1	200	10046	0	0	0
narrow_balanced	balanced_p2e_eBH	0.1	M2	200	11821	0	0	0
narrow_balanced	balanced_p2e_eBH	0.1	M3	200	8023	0	0	0
narrow_balanced	balanced_p2e_eBH	0.1	M4	200	11067	0	0	0
narrow_balanced	balanced_p2e_eBH	0.1	M5	200	14026	0	0	0
narrow_balanced	bayesian_FDR	0.01	M0	200	45017	0	0	0
narrow_balanced	bayesian_FDR	0.01	M1	200	10046	0	0	0
narrow_balanced	bayesian_FDR	0.01	M2	200	11821	0	0	0
narrow_balanced	bayesian_FDR	0.01	M3	200	8023	0	0	0
narrow_balanced	bayesian_FDR	0.01	M4	200	11067	0	0	0
narrow_balanced	bayesian_FDR	0.01	M5	200	14026	0	0	0
narrow_balanced	bayesian_FDR	0.05	M0	200	45017	0	0	0
narrow_balanced	bayesian_FDR	0.05	M1	200	10046	0	0	0
narrow_balanced	bayesian_FDR	0.05	M2	200	11821	0	0	0
narrow_balanced	bayesian_FDR	0.05	M3	200	8023	0	0	0
narrow_balanced	bayesian_FDR	0.05	M4	200	11067	0	0	0
narrow_balanced	bayesian_FDR	0.05	M5	200	14026	0	0	0
narrow_balanced	bayesian_FDR	0.1	M0	200	45017	0	0	0
narrow_balanced	bayesian_FDR	0.1	M1	200	10046	2	0.000172666	0.000199084
narrow_balanced	bayesian_FDR	0.1	M2	200	11821	0	0	0
narrow_balanced	bayesian_FDR	0.1	M3	200	8023	0	0	0
narrow_balanced	bayesian_FDR	0.1	M4	200	11067	0	0	0
narrow_balanced	bayesian_FDR	0.1	M5	200	14026	0	0	0
narrow_balanced	directional_BY	0.01	M0	200	45017	0	0	0
narrow_balanced	directional_BY	0.01	M1	200	10046	0	0	0
narrow_balanced	directional_BY	0.01	M2	200	11821	0	0	0
narrow_balanced	directional_BY	0.01	M3	200	8023	0	0	0
narrow_balanced	directional_BY	0.01	M4	200	11067	0	0	0
narrow_balanced	directional_BY	0.01	M5	200	14026	0	0	0
narrow_balanced	directional_BY	0.05	M0	200	45017	0	0	0
narrow_balanced	directional_BY	0.05	M1	200	10046	0	0	0
narrow_balanced	directional_BY	0.05	M2	200	11821	0	0	0
narrow_balanced	directional_BY	0.05	M3	200	8023	0	0	0
narrow_balanced	directional_BY	0.05	M4	200	11067	0	0	0
narrow_balanced	directional_BY	0.05	M5	200	14026	0	0	0
narrow_balanced	directional_BY	0.1	M0	200	45017	0	0	0
narrow_balanced	directional_BY	0.1	M1	200	10046	0	0	0
narrow_balanced	directional_BY	0.1	M2	200	11821	0	0	0
narrow_balanced	directional_BY	0.1	M3	200	8023	0	0	0
narrow_balanced	directional_BY	0.1	M4	200	11067	0	0	0
narrow_balanced	directional_BY	0.1	M5	200	14026	0	0	0
narrow_balanced	directional_eBH	0.01	M0	200	45017	0	0	0
narrow_balanced	directional_eBH	0.01	M1	200	10046	0	0	0
narrow_balanced	directional_eBH	0.01	M2	200	11821	0	0	0
narrow_balanced	directional_eBH	0.01	M3	200	8023	0	0	0
narrow_balanced	directional_eBH	0.01	M4	200	11067	0	0	0
narrow_balanced	directional_eBH	0.01	M5	200	14026	0	0	0
narrow_balanced	directional_eBH	0.05	M0	200	45017	0	0	0
narrow_balanced	directional_eBH	0.05	M1	200	10046	0	0	0
narrow_balanced	directional_eBH	0.05	M2	200	11821	0	0	0
narrow_balanced	directional_eBH	0.05	M3	200	8023	0	0	0
narrow_balanced	directional_eBH	0.05	M4	200	11067	0	0	0
narrow_balanced	directional_eBH	0.05	M5	200	14026	0	0	0
narrow_balanced	directional_eBH	0.1	M0	200	45017	0	0	0
narrow_balanced	directional_eBH	0.1	M1	200	10046	0	0	0
narrow_balanced	directional_eBH	0.1	M2	200	11821	0	0	0
narrow_balanced	directional_eBH	0.1	M3	200	8023	0	0	0
narrow_balanced	directional_eBH	0.1	M4	200	11067	0	0	0
narrow_balanced	directional_eBH	0.1	M5	200	14026	0	0	0
rare_mediation	adaptive_eBH	0.01	M0	200	59944	0	0	0
rare_mediation	adaptive_eBH	0.01	M1	200	977	0	0	0
rare_mediation	adaptive_eBH	0.01	M2	200	12055	0	0	0
rare_mediation	adaptive_eBH	0.01	M3	200	10075	0	0	0
rare_mediation	adaptive_eBH	0.01	M4	200	7946	0	0	0
rare_mediation	adaptive_eBH	0.01	M5	200	9003	0	0	0
rare_mediation	adaptive_eBH	0.05	M0	200	59944	0	0	0
rare_mediation	adaptive_eBH	0.05	M1	200	977	0	0	0
rare_mediation	adaptive_eBH	0.05	M2	200	12055	0	0	0
rare_mediation	adaptive_eBH	0.05	M3	200	10075	0	0	0
rare_mediation	adaptive_eBH	0.05	M4	200	7946	0	0	0
rare_mediation	adaptive_eBH	0.05	M5	200	9003	0	0	0
rare_mediation	adaptive_eBH	0.1	M0	200	59944	0	0	0
rare_mediation	adaptive_eBH	0.1	M1	200	977	0	0	0
rare_mediation	adaptive_eBH	0.1	M2	200	12055	0	0	0
rare_mediation	adaptive_eBH	0.1	M3	200	10075	0	0	0
rare_mediation	adaptive_eBH	0.1	M4	200	7946	0	0	0
rare_mediation	adaptive_eBH	0.1	M5	200	9003	0	0	0
rare_mediation	balanced_AdaFilter	0.01	M0	200	59944	0	0	0
rare_mediation	balanced_AdaFilter	0.01	M1	200	977	72	0.0728313	0.073695
rare_mediation	balanced_AdaFilter	0.01	M2	200	12055	0	0	0
rare_mediation	balanced_AdaFilter	0.01	M3	200	10075	0	0	0
rare_mediation	balanced_AdaFilter	0.01	M4	200	7946	0	0	0
rare_mediation	balanced_AdaFilter	0.01	M5	200	9003	0	0	0
rare_mediation	balanced_AdaFilter	0.05	M0	200	59944	0	0	0
rare_mediation	balanced_AdaFilter	0.05	M1	200	977	277	0.253254	0.283521
rare_mediation	balanced_AdaFilter	0.05	M2	200	12055	5	0.000437231	0.000414766
rare_mediation	balanced_AdaFilter	0.05	M3	200	10075	0	0	0
rare_mediation	balanced_AdaFilter	0.05	M4	200	7946	7	0.000886569	0.000880946
rare_mediation	balanced_AdaFilter	0.05	M5	200	9003	2	0.000241279	0.000222148
rare_mediation	balanced_AdaFilter	0.1	M0	200	59944	0	0	0
rare_mediation	balanced_AdaFilter	0.1	M1	200	977	449	0.418242	0.45957
rare_mediation	balanced_AdaFilter	0.1	M2	200	12055	29	0.00244385	0.00240564
rare_mediation	balanced_AdaFilter	0.1	M3	200	10075	0	0	0
rare_mediation	balanced_AdaFilter	0.1	M4	200	7946	21	0.00248299	0.00264284
rare_mediation	balanced_AdaFilter	0.1	M5	200	9003	16	0.00180902	0.00177719
rare_mediation	balanced_BY	0.01	M0	200	59944	0	0	0
rare_mediation	balanced_BY	0.01	M1	200	977	1	0.000833333	0.00102354
rare_mediation	balanced_BY	0.01	M2	200	12055	0	0	0
rare_mediation	balanced_BY	0.01	M3	200	10075	0	0	0
rare_mediation	balanced_BY	0.01	M4	200	7946	0	0	0
rare_mediation	balanced_BY	0.01	M5	200	9003	0	0	0
rare_mediation	balanced_BY	0.05	M0	200	59944	0	0	0
rare_mediation	balanced_BY	0.05	M1	200	977	15	0.0138214	0.0153531
rare_mediation	balanced_BY	0.05	M2	200	12055	0	0	0
rare_mediation	balanced_BY	0.05	M3	200	10075	0	0	0
rare_mediation	balanced_BY	0.05	M4	200	7946	0	0	0
rare_mediation	balanced_BY	0.05	M5	200	9003	0	0	0
rare_mediation	balanced_BY	0.1	M0	200	59944	0	0	0
rare_mediation	balanced_BY	0.1	M1	200	977	27	0.028119	0.0276356
rare_mediation	balanced_BY	0.1	M2	200	12055	0	0	0
rare_mediation	balanced_BY	0.1	M3	200	10075	0	0	0
rare_mediation	balanced_BY	0.1	M4	200	7946	0	0	0
rare_mediation	balanced_BY	0.1	M5	200	9003	0	0	0
rare_mediation	balanced_eBH	0.01	M0	200	59944	0	0	0
rare_mediation	balanced_eBH	0.01	M1	200	977	0	0	0
rare_mediation	balanced_eBH	0.01	M2	200	12055	0	0	0
rare_mediation	balanced_eBH	0.01	M3	200	10075	0	0	0
rare_mediation	balanced_eBH	0.01	M4	200	7946	0	0	0
rare_mediation	balanced_eBH	0.01	M5	200	9003	0	0	0
rare_mediation	balanced_eBH	0.05	M0	200	59944	0	0	0
rare_mediation	balanced_eBH	0.05	M1	200	977	0	0	0
rare_mediation	balanced_eBH	0.05	M2	200	12055	0	0	0
rare_mediation	balanced_eBH	0.05	M3	200	10075	0	0	0
rare_mediation	balanced_eBH	0.05	M4	200	7946	0	0	0
rare_mediation	balanced_eBH	0.05	M5	200	9003	0	0	0
rare_mediation	balanced_eBH	0.1	M0	200	59944	0	0	0
rare_mediation	balanced_eBH	0.1	M1	200	977	1	0.000833333	0.00102354
rare_mediation	balanced_eBH	0.1	M2	200	12055	0	0	0
rare_mediation	balanced_eBH	0.1	M3	200	10075	0	0	0
rare_mediation	balanced_eBH	0.1	M4	200	7946	0	0	0
rare_mediation	balanced_eBH	0.1	M5	200	9003	0	0	0
rare_mediation	balanced_p2e_eBH	0.01	M0	200	59944	0	0	0
rare_mediation	balanced_p2e_eBH	0.01	M1	200	977	0	0	0
rare_mediation	balanced_p2e_eBH	0.01	M2	200	12055	0	0	0
rare_mediation	balanced_p2e_eBH	0.01	M3	200	10075	0	0	0
rare_mediation	balanced_p2e_eBH	0.01	M4	200	7946	0	0	0
rare_mediation	balanced_p2e_eBH	0.01	M5	200	9003	0	0	0
rare_mediation	balanced_p2e_eBH	0.05	M0	200	59944	0	0	0
rare_mediation	balanced_p2e_eBH	0.05	M1	200	977	0	0	0
rare_mediation	balanced_p2e_eBH	0.05	M2	200	12055	0	0	0
rare_mediation	balanced_p2e_eBH	0.05	M3	200	10075	0	0	0
rare_mediation	balanced_p2e_eBH	0.05	M4	200	7946	0	0	0
rare_mediation	balanced_p2e_eBH	0.05	M5	200	9003	0	0	0
rare_mediation	balanced_p2e_eBH	0.1	M0	200	59944	0	0	0
rare_mediation	balanced_p2e_eBH	0.1	M1	200	977	1	0.000833333	0.00102354
rare_mediation	balanced_p2e_eBH	0.1	M2	200	12055	0	0	0
rare_mediation	balanced_p2e_eBH	0.1	M3	200	10075	0	0	0
rare_mediation	balanced_p2e_eBH	0.1	M4	200	7946	0	0	0
rare_mediation	balanced_p2e_eBH	0.1	M5	200	9003	0	0	0
rare_mediation	bayesian_FDR	0.01	M0	200	59944	0	0	0
rare_mediation	bayesian_FDR	0.01	M1	200	977	0	0	0
rare_mediation	bayesian_FDR	0.01	M2	200	12055	0	0	0
rare_mediation	bayesian_FDR	0.01	M3	200	10075	0	0	0
rare_mediation	bayesian_FDR	0.01	M4	200	7946	0	0	0
rare_mediation	bayesian_FDR	0.01	M5	200	9003	0	0	0
rare_mediation	bayesian_FDR	0.05	M0	200	59944	0	0	0
rare_mediation	bayesian_FDR	0.05	M1	200	977	0	0	0
rare_mediation	bayesian_FDR	0.05	M2	200	12055	0	0	0
rare_mediation	bayesian_FDR	0.05	M3	200	10075	0	0	0
rare_mediation	bayesian_FDR	0.05	M4	200	7946	0	0	0
rare_mediation	bayesian_FDR	0.05	M5	200	9003	0	0	0
rare_mediation	bayesian_FDR	0.1	M0	200	59944	0	0	0
rare_mediation	bayesian_FDR	0.1	M1	200	977	1	0.00166667	0.00102354
rare_mediation	bayesian_FDR	0.1	M2	200	12055	0	0	0
rare_mediation	bayesian_FDR	0.1	M3	200	10075	0	0	0
rare_mediation	bayesian_FDR	0.1	M4	200	7946	0	0	0
rare_mediation	bayesian_FDR	0.1	M5	200	9003	0	0	0
rare_mediation	directional_BY	0.01	M0	200	59944	0	0	0
rare_mediation	directional_BY	0.01	M1	200	977	0	0	0
rare_mediation	directional_BY	0.01	M2	200	12055	0	0	0
rare_mediation	directional_BY	0.01	M3	200	10075	0	0	0
rare_mediation	directional_BY	0.01	M4	200	7946	0	0	0
rare_mediation	directional_BY	0.01	M5	200	9003	0	0	0
rare_mediation	directional_BY	0.05	M0	200	59944	0	0	0
rare_mediation	directional_BY	0.05	M1	200	977	0	0	0
rare_mediation	directional_BY	0.05	M2	200	12055	0	0	0
rare_mediation	directional_BY	0.05	M3	200	10075	0	0	0
rare_mediation	directional_BY	0.05	M4	200	7946	0	0	0
rare_mediation	directional_BY	0.05	M5	200	9003	0	0	0
rare_mediation	directional_BY	0.1	M0	200	59944	0	0	0
rare_mediation	directional_BY	0.1	M1	200	977	0	0	0
rare_mediation	directional_BY	0.1	M2	200	12055	0	0	0
rare_mediation	directional_BY	0.1	M3	200	10075	0	0	0
rare_mediation	directional_BY	0.1	M4	200	7946	0	0	0
rare_mediation	directional_BY	0.1	M5	200	9003	0	0	0
rare_mediation	directional_eBH	0.01	M0	200	59944	0	0	0
rare_mediation	directional_eBH	0.01	M1	200	977	0	0	0
rare_mediation	directional_eBH	0.01	M2	200	12055	0	0	0
rare_mediation	directional_eBH	0.01	M3	200	10075	0	0	0
rare_mediation	directional_eBH	0.01	M4	200	7946	0	0	0
rare_mediation	directional_eBH	0.01	M5	200	9003	0	0	0
rare_mediation	directional_eBH	0.05	M0	200	59944	0	0	0
rare_mediation	directional_eBH	0.05	M1	200	977	0	0	0
rare_mediation	directional_eBH	0.05	M2	200	12055	0	0	0
rare_mediation	directional_eBH	0.05	M3	200	10075	0	0	0
rare_mediation	directional_eBH	0.05	M4	200	7946	0	0	0
rare_mediation	directional_eBH	0.05	M5	200	9003	0	0	0
rare_mediation	directional_eBH	0.1	M0	200	59944	0	0	0
rare_mediation	directional_eBH	0.1	M1	200	977	0	0	0
rare_mediation	directional_eBH	0.1	M2	200	12055	0	0	0
rare_mediation	directional_eBH	0.1	M3	200	10075	0	0	0
rare_mediation	directional_eBH	0.1	M4	200	7946	0	0	0
rare_mediation	directional_eBH	0.1	M5	200	9003	0	0	0
sparse_outliers	adaptive_eBH	0.01	M0	200	45177	0	0	0
sparse_outliers	adaptive_eBH	0.01	M1	200	10015	0	0	0
sparse_outliers	adaptive_eBH	0.01	M2	200	11958	0	0	0
sparse_outliers	adaptive_eBH	0.01	M3	200	7952	0	0	0
sparse_outliers	adaptive_eBH	0.01	M4	200	10961	0	0	0
sparse_outliers	adaptive_eBH	0.01	M5	200	13937	2	0.000142857	0.000143503
sparse_outliers	adaptive_eBH	0.05	M0	200	45177	0	0	0
sparse_outliers	adaptive_eBH	0.05	M1	200	10015	0	0	0
sparse_outliers	adaptive_eBH	0.05	M2	200	11958	1	0.000113636	8.3626e-05
sparse_outliers	adaptive_eBH	0.05	M3	200	7952	0	0	0
sparse_outliers	adaptive_eBH	0.05	M4	200	10961	0	0	0
sparse_outliers	adaptive_eBH	0.05	M5	200	13937	2	0.000142857	0.000143503
sparse_outliers	adaptive_eBH	0.1	M0	200	45177	0	0	0
sparse_outliers	adaptive_eBH	0.1	M1	200	10015	1	0.000102041	9.98502e-05
sparse_outliers	adaptive_eBH	0.1	M2	200	11958	1	0.000113636	8.3626e-05
sparse_outliers	adaptive_eBH	0.1	M3	200	7952	0	0	0
sparse_outliers	adaptive_eBH	0.1	M4	200	10961	0	0	0
sparse_outliers	adaptive_eBH	0.1	M5	200	13937	3	0.00021328	0.000215254
sparse_outliers	balanced_AdaFilter	0.01	M0	200	45177	0	0	0
sparse_outliers	balanced_AdaFilter	0.01	M1	200	10015	278	0.0275253	0.0277584
sparse_outliers	balanced_AdaFilter	0.01	M2	200	11958	0	0	0
sparse_outliers	balanced_AdaFilter	0.01	M3	200	7952	0	0	0
sparse_outliers	balanced_AdaFilter	0.01	M4	200	10961	1	9.43396e-05	9.12326e-05
sparse_outliers	balanced_AdaFilter	0.01	M5	200	13937	2	0.000132705	0.000143503
sparse_outliers	balanced_AdaFilter	0.05	M0	200	45177	0	0	0
sparse_outliers	balanced_AdaFilter	0.05	M1	200	10015	1901	0.188233	0.189815
sparse_outliers	balanced_AdaFilter	0.05	M2	200	11958	11	0.000897637	0.000919886
sparse_outliers	balanced_AdaFilter	0.05	M3	200	7952	0	0	0
sparse_outliers	balanced_AdaFilter	0.05	M4	200	10961	13	0.00111413	0.00118602
sparse_outliers	balanced_AdaFilter	0.05	M5	200	13937	22	0.00153248	0.00157853
sparse_outliers	balanced_AdaFilter	0.1	M0	200	45177	0	0	0
sparse_outliers	balanced_AdaFilter	0.1	M1	200	10015	3735	0.369451	0.372941
sparse_outliers	balanced_AdaFilter	0.1	M2	200	11958	56	0.00480116	0.00468306
sparse_outliers	balanced_AdaFilter	0.1	M3	200	7952	0	0	0
sparse_outliers	balanced_AdaFilter	0.1	M4	200	10961	57	0.00516281	0.00520026
sparse_outliers	balanced_AdaFilter	0.1	M5	200	13937	74	0.00536573	0.00530961
sparse_outliers	balanced_BY	0.01	M0	200	45177	0	0	0
sparse_outliers	balanced_BY	0.01	M1	200	10015	0	0	0
sparse_outliers	balanced_BY	0.01	M2	200	11958	0	0	0
sparse_outliers	balanced_BY	0.01	M3	200	7952	0	0	0
sparse_outliers	balanced_BY	0.01	M4	200	10961	0	0	0
sparse_outliers	balanced_BY	0.01	M5	200	13937	0	0	0
sparse_outliers	balanced_BY	0.05	M0	200	45177	0	0	0
sparse_outliers	balanced_BY	0.05	M1	200	10015	3	0.000320901	0.000299551
sparse_outliers	balanced_BY	0.05	M2	200	11958	0	0	0
sparse_outliers	balanced_BY	0.05	M3	200	7952	0	0	0
sparse_outliers	balanced_BY	0.05	M4	200	10961	0	0	0
sparse_outliers	balanced_BY	0.05	M5	200	13937	0	0	0
sparse_outliers	balanced_BY	0.1	M0	200	45177	0	0	0
sparse_outliers	balanced_BY	0.1	M1	200	10015	49	0.00481007	0.00489266
sparse_outliers	balanced_BY	0.1	M2	200	11958	0	0	0
sparse_outliers	balanced_BY	0.1	M3	200	7952	0	0	0
sparse_outliers	balanced_BY	0.1	M4	200	10961	0	0	0
sparse_outliers	balanced_BY	0.1	M5	200	13937	0	0	0
sparse_outliers	balanced_eBH	0.01	M0	200	45177	0	0	0
sparse_outliers	balanced_eBH	0.01	M1	200	10015	0	0	0
sparse_outliers	balanced_eBH	0.01	M2	200	11958	0	0	0
sparse_outliers	balanced_eBH	0.01	M3	200	7952	0	0	0
sparse_outliers	balanced_eBH	0.01	M4	200	10961	0	0	0
sparse_outliers	balanced_eBH	0.01	M5	200	13937	0	0	0
sparse_outliers	balanced_eBH	0.05	M0	200	45177	0	0	0
sparse_outliers	balanced_eBH	0.05	M1	200	10015	0	0	0
sparse_outliers	balanced_eBH	0.05	M2	200	11958	0	0	0
sparse_outliers	balanced_eBH	0.05	M3	200	7952	0	0	0
sparse_outliers	balanced_eBH	0.05	M4	200	10961	0	0	0
sparse_outliers	balanced_eBH	0.05	M5	200	13937	0	0	0
sparse_outliers	balanced_eBH	0.1	M0	200	45177	0	0	0
sparse_outliers	balanced_eBH	0.1	M1	200	10015	0	0	0
sparse_outliers	balanced_eBH	0.1	M2	200	11958	0	0	0
sparse_outliers	balanced_eBH	0.1	M3	200	7952	0	0	0
sparse_outliers	balanced_eBH	0.1	M4	200	10961	0	0	0
sparse_outliers	balanced_eBH	0.1	M5	200	13937	0	0	0
sparse_outliers	balanced_p2e_eBH	0.01	M0	200	45177	0	0	0
sparse_outliers	balanced_p2e_eBH	0.01	M1	200	10015	0	0	0
sparse_outliers	balanced_p2e_eBH	0.01	M2	200	11958	0	0	0
sparse_outliers	balanced_p2e_eBH	0.01	M3	200	7952	0	0	0
sparse_outliers	balanced_p2e_eBH	0.01	M4	200	10961	0	0	0
sparse_outliers	balanced_p2e_eBH	0.01	M5	200	13937	0	0	0
sparse_outliers	balanced_p2e_eBH	0.05	M0	200	45177	0	0	0
sparse_outliers	balanced_p2e_eBH	0.05	M1	200	10015	0	0	0
sparse_outliers	balanced_p2e_eBH	0.05	M2	200	11958	0	0	0
sparse_outliers	balanced_p2e_eBH	0.05	M3	200	7952	0	0	0
sparse_outliers	balanced_p2e_eBH	0.05	M4	200	10961	0	0	0
sparse_outliers	balanced_p2e_eBH	0.05	M5	200	13937	0	0	0
sparse_outliers	balanced_p2e_eBH	0.1	M0	200	45177	0	0	0
sparse_outliers	balanced_p2e_eBH	0.1	M1	200	10015	0	0	0
sparse_outliers	balanced_p2e_eBH	0.1	M2	200	11958	0	0	0
sparse_outliers	balanced_p2e_eBH	0.1	M3	200	7952	0	0	0
sparse_outliers	balanced_p2e_eBH	0.1	M4	200	10961	0	0	0
sparse_outliers	balanced_p2e_eBH	0.1	M5	200	13937	0	0	0
sparse_outliers	bayesian_FDR	0.01	M0	200	45177	0	0	0
sparse_outliers	bayesian_FDR	0.01	M1	200	10015	0	0	0
sparse_outliers	bayesian_FDR	0.01	M2	200	11958	0	0	0
sparse_outliers	bayesian_FDR	0.01	M3	200	7952	0	0	0
sparse_outliers	bayesian_FDR	0.01	M4	200	10961	0	0	0
sparse_outliers	bayesian_FDR	0.01	M5	200	13937	0	0	0
sparse_outliers	bayesian_FDR	0.05	M0	200	45177	0	0	0
sparse_outliers	bayesian_FDR	0.05	M1	200	10015	0	0	0
sparse_outliers	bayesian_FDR	0.05	M2	200	11958	0	0	0
sparse_outliers	bayesian_FDR	0.05	M3	200	7952	0	0	0
sparse_outliers	bayesian_FDR	0.05	M4	200	10961	0	0	0
sparse_outliers	bayesian_FDR	0.05	M5	200	13937	0	0	0
sparse_outliers	bayesian_FDR	0.1	M0	200	45177	0	0	0
sparse_outliers	bayesian_FDR	0.1	M1	200	10015	2	0.00020979	0.0001997
sparse_outliers	bayesian_FDR	0.1	M2	200	11958	0	0	0
sparse_outliers	bayesian_FDR	0.1	M3	200	7952	0	0	0
sparse_outliers	bayesian_FDR	0.1	M4	200	10961	0	0	0
sparse_outliers	bayesian_FDR	0.1	M5	200	13937	0	0	0
sparse_outliers	directional_BY	0.01	M0	200	45177	0	0	0
sparse_outliers	directional_BY	0.01	M1	200	10015	0	0	0
sparse_outliers	directional_BY	0.01	M2	200	11958	0	0	0
sparse_outliers	directional_BY	0.01	M3	200	7952	0	0	0
sparse_outliers	directional_BY	0.01	M4	200	10961	0	0	0
sparse_outliers	directional_BY	0.01	M5	200	13937	0	0	0
sparse_outliers	directional_BY	0.05	M0	200	45177	0	0	0
sparse_outliers	directional_BY	0.05	M1	200	10015	0	0	0
sparse_outliers	directional_BY	0.05	M2	200	11958	0	0	0
sparse_outliers	directional_BY	0.05	M3	200	7952	0	0	0
sparse_outliers	directional_BY	0.05	M4	200	10961	0	0	0
sparse_outliers	directional_BY	0.05	M5	200	13937	0	0	0
sparse_outliers	directional_BY	0.1	M0	200	45177	0	0	0
sparse_outliers	directional_BY	0.1	M1	200	10015	0	0	0
sparse_outliers	directional_BY	0.1	M2	200	11958	0	0	0
sparse_outliers	directional_BY	0.1	M3	200	7952	0	0	0
sparse_outliers	directional_BY	0.1	M4	200	10961	0	0	0
sparse_outliers	directional_BY	0.1	M5	200	13937	0	0	0
sparse_outliers	directional_eBH	0.01	M0	200	45177	0	0	0
sparse_outliers	directional_eBH	0.01	M1	200	10015	0	0	0
sparse_outliers	directional_eBH	0.01	M2	200	11958	0	0	0
sparse_outliers	directional_eBH	0.01	M3	200	7952	0	0	0
sparse_outliers	directional_eBH	0.01	M4	200	10961	0	0	0
sparse_outliers	directional_eBH	0.01	M5	200	13937	0	0	0
sparse_outliers	directional_eBH	0.05	M0	200	45177	0	0	0
sparse_outliers	directional_eBH	0.05	M1	200	10015	0	0	0
sparse_outliers	directional_eBH	0.05	M2	200	11958	0	0	0
sparse_outliers	directional_eBH	0.05	M3	200	7952	0	0	0
sparse_outliers	directional_eBH	0.05	M4	200	10961	0	0	0
sparse_outliers	directional_eBH	0.05	M5	200	13937	0	0	0
sparse_outliers	directional_eBH	0.1	M0	200	45177	0	0	0
sparse_outliers	directional_eBH	0.1	M1	200	10015	0	0	0
sparse_outliers	directional_eBH	0.1	M2	200	11958	0	0	0
sparse_outliers	directional_eBH	0.1	M3	200	7952	0	0	0
sparse_outliers	directional_eBH	0.1	M4	200	10961	0	0	0
sparse_outliers	directional_eBH	0.1	M5	200	13937	0	0	0
