PROTEIN	SNP	A1	A2	FREQ	BETA	SE	P	CHR	BP
SeqId_11361_73	rs131805	T	C	0.221475	-0.362562	0.019519	2.87306e-75	22	50525724
SeqId_11361_73	rs140519	T	G	0.489325	0.156663	0.0164711	2.50826e-21	22	50549633
SeqId_11361_73	rs74624637	T	C	0.0172605	-0.551284	0.0633596	4.0329e-18	22	50529483
SeqId_11361_73	rs131780	G	C	0.249619	0.162371	0.0189995	1.53817e-17	22	50544110
SeqId_11361_73	rs134976	A	T	0.488978	0.123357	0.0165545	1.02982e-13	22	50498184
SeqId_11361_73	rs80117130	C	G	0.0292527	-0.301346	0.0486952	6.40999e-10	22	50704447
SeqId_11361_73	rs9616885	G	A	0.183696	-0.126513	0.0215688	4.67401e-09	22	50617157
SeqId_11361_73	rs73172241	T	C	0.159504	0.117241	0.0225004	1.93411e-07	22	50517186
SeqId_11361_73	rs189739013	A	G	0.0210731	-0.296895	0.0582843	3.59647e-07	22	50534908
SeqId_11361_73	rs118071675	C	A	0.0246083	-0.256807	0.0538567	1.894e-06	22	50521443
SeqId_11361_73	rs138547521	T	C	0.0128241	-0.342834	0.0739466	3.61065e-06	22	50547071
SeqId_13998_26	rs10142660	T	G	0.126022	0.185815	0.0251712	1.73343e-13	14	104759283
SeqId_13998_26	rs2494732	C	T	0.422986	-0.110285	0.016678	4.04596e-11	14	104772855
SeqId_8296_117	rs141379009	G	T	0.0294607	-1.38995	0.0460827	2.52641e-188	11	108278480
SeqId_8296_117	rs11212676	A	G	0.417163	-0.221698	0.0164736	8.58697e-41	11	108490851
SeqId_8296_117	rs149013701	A	G	0.0173991	-0.620564	0.0630299	9.96168e-23	11	108083123
SeqId_8296_117	rs3218674	T	C	0.0149036	0.619412	0.0681805	1.31971e-19	11	108244860
SeqId_8296_117	rs186722428	G	T	0.0240538	-0.4371	0.0544376	1.13558e-15	11	108899223
SeqId_8296_117	rs34762648	T	C	0.133856	-0.18246	0.0243115	6.87541e-14	11	107985247
SeqId_8296_117	rs3736509	T	C	0.23222	0.139429	0.0196524	1.4191e-12	11	108098057
SeqId_8296_117	rs12361570	C	A	0.440801	0.103693	0.016547	3.90232e-10	11	108503403
SeqId_8296_117	rs4754331	A	G	0.444891	0.0986383	0.0164909	2.31848e-09	11	108615685
SeqId_8296_117	rs117161975	G	A	0.0233606	-0.28213	0.0548312	2.73957e-07	11	108017084
SeqId_8296_117	rs111713208	A	G	0.0173298	-0.301296	0.0634723	2.10545e-06	11	108503880
SeqId_8296_117	rs147492207	G	A	0.018231	0.29154	0.0622202	2.84232e-06	11	108879154
SeqId_8296_117	rs7101725	C	T	0.208235	-0.0945378	0.0203821	3.57536e-06	11	108948952
