PROTEIN	GENE	CHR	START	END
SeqId_10037_98	SIGLEC12	19	51500373	51500373
SeqId_10070_22	PLCG2	16	81739097	81739097
SeqId_10075_75	ACBD6	1	180274681	180274681
SeqId_10080_9	EIF2B1	12	123632447	123632447
SeqId_10088_37	APRT	16	88810268	88810268
SeqId_10339_48	ENO2	12	6913745	6913745
SeqId_10346_5	STAT3	17	42316853	42316853
SeqId_10361_25	OAS1	12	112906783	112906783
SeqId_10364_6	SMAD2	18	47886923	47886923
SeqId_10366_11	PDGFRA	4	54229280	54229280
SeqId_10370_21	STAT1	2	190980233	190980233
SeqId_10372_18	STAT6	12	57097290	57097290
SeqId_10391_1	ANGPTL3	1	62597520	62597520
SeqId_10396_6	MCL1	1	150578777	150578777
SeqId_10419_1	SCARA5	8	27987615	27987615
SeqId_10424_31	NPDC1	9	137040156	137040156
SeqId_10440_26	CLMP	11	123083736	123083736
SeqId_10442_1	TMEM190	19	55376826	55376826
SeqId_10445_20	APOM	6	31652416	31652416
SeqId_10451_11	NUCB1	19	48900312	48900312
SeqId_10462_14	INSL5	1	66801256	66801256
SeqId_10464_6	ANTXR1	2	69013178	69013178
SeqId_10490_3	RPN1	3	128627266	128627266
SeqId_10512_13	CSF2RB	22	36913628	36913628
SeqId_10514_5	PTGDS	9	136975092	136975092
SeqId_10521_10	MXRA8	1	1354247	1354247
SeqId_10552_88	KLRC4	12	10409757	10409757
SeqId_10558_26	PCDH9	13	66306309	66306309
SeqId_10561_5	PGLYRP3	1	153310718	153310718
SeqId_10565_19	SLITRK3	3	165196384	165196384
SeqId_10603_1	HTN3	4	70028413	70028413
SeqId_10605_22	APMAP	20	24992642	24992642
SeqId_10612_18	PLOD3	7	101210439	101210439
SeqId_10620_21	MSMB	10	46046269	46046269
SeqId_10627_87	APLP2	11	130068147	130068147
SeqId_10630_5	HTATIP2	11	20363685	20363685
SeqId_10666_7	GNPTG	16	1351931	1351931
SeqId_10672_75	SFTPB	2	85663478	85663478
SeqId_10708_3	GNRH2	20	3043622	3043622
SeqId_10714_7	ACE	17	63477061	63477061
SeqId_10722_13	SYK	9	90801787	90801787
SeqId_10737_96	SERPINB1	6	2837999	2837999
SeqId_10754_113	PROK2	3	71785148	71785148
SeqId_10761_5	TMED2	12	123584533	123584533
SeqId_10781_19	CLEC4G	19	7732171	7732171
SeqId_10800_15	SERPINH1	11	75562056	75562056
SeqId_10809_14	KLRB1	12	9607916	9607916
SeqId_10816_150	PILRA	7	100367530	100367530
SeqId_10818_36	SMPD1	11	6390440	6390440
SeqId_10827_67	LINGO3	19	2292024	2292024
SeqId_10832_24	B4GALT6	18	31658464	31658464
SeqId_10833_64	HHIP	4	144646156	144646156
SeqId_10847_1	SIGLEC15	18	45825675	45825675
SeqId_10851_77	EBI3	19	4229523	4229523
SeqId_10892_8	OSMR	5	38845858	38845858
SeqId_10903_50	STX8	17	9273434	9273434
SeqId_10907_116	NTM	11	131370478	131370478
SeqId_10908_2	GALNT13	2	153871922	153871922
SeqId_10916_44	PLA2R1	2	159945000	159945000
SeqId_10917_40	GNGT2	17	49208912	49208912
SeqId_10924_258	CYB5D2	17	4143168	4143168
SeqId_10938_13	CD58	1	116544590	116544590
SeqId_10940_25	SRL	16	4239743	4239743
SeqId_10948_14	PLD3	19	40348456	40348456
SeqId_10974_20	SPINK7	5	148312419	148312419
SeqId_10977_55	UCMA	10	13234334	13234334
SeqId_11098_1	PDXK	21	43719094	43719094
SeqId_11102_22	REG4	1	119808805	119808805
SeqId_11103_24	HSPB1	7	76302673	76302673
SeqId_11104_13	CHI3L1	1	203180133	203180133
SeqId_11105_171	ENO1	1	8871576	8871576
SeqId_11109_56	SVEP1	9	110379378	110379378
SeqId_11117_2	SPATA20	17	50543058	50543058
SeqId_11134_30	MTRF1L	6	152994642	152994642
SeqId_11142_11	ANGPTL1	1	178869278	178869278
SeqId_11145_72	KIAA1549L	11	33376083	33376083
SeqId_11152_46	KLK13	19	51064884	51064884
SeqId_11177_16	KRT5	12	52516196	52516196
SeqId_11178_21	SVEP1	9	110379378	110379378
SeqId_11187_11	CLEC12A	12	9951316	9951316
SeqId_11192_168	TINAGL1	1	31576485	31576485
SeqId_11196_31	COL6A3	2	237330180	237330180
SeqId_11208_15	NAGPA	16	5028403	5028403
SeqId_11211_7	TBCE	1	235328570	235328570
SeqId_11212_7	TXNDC5	6	7888961	7888961
SeqId_11219_95	FGFBP3	10	91909486	91909486
SeqId_11227_31	TBL2	7	73571394	73571394
SeqId_11229_16	ERN1	17	64054767	64054767
SeqId_11237_49	PCOLCE	7	100602363	100602363
SeqId_11241_8	ASL	7	66075800	66075800
SeqId_11248_43	UROS	10	125795227	125795227
SeqId_11257_1	QDPR	4	17492508	17492508
SeqId_11266_8	SELPLG	12	108624330	108624330
SeqId_11273_176	GSTT2B	22	23961153	23961153
SeqId_11278_4	COL11A2	6	33177893	33177893
SeqId_11287_14	CYB5A	18	74261177	74261177
SeqId_11288_26	NT5C2	10	103094368	103094368
SeqId_11302_237	TNR	1	175406364	175406364
SeqId_11308_8	CREB3L4	1	153967534	153967534
SeqId_11313_100	PCBD1	10	70885899	70885899
SeqId_11333_82	ARHGAP25	2	68679601	68679601
SeqId_11347_9	TALDO1	11	747415	747415
SeqId_11360_39	RRM1	11	4094707	4094707
SeqId_11361_73	TYMP	22	50526337	50526337
SeqId_11369_23	ADH5	4	99080023	99080023
SeqId_11377_19	ADH7	4	99415874	99415874
SeqId_11378_37	SYK	9	90801787	90801787
SeqId_11382_5	BLVRA	7	43758680	43758680
SeqId_11387_3	ATF6B	6	32120019	32120019
SeqId_11388_75	WFDC2	20	45469753	45469753
SeqId_11424_4	FAH	15	80152490	80152490
SeqId_11428_31	PDLIM1	10	95238848	95238848
SeqId_11431_235	RECQL	12	21501551	21501551
SeqId_11441_11	PYGL	14	50911871	50911871
SeqId_11448_34	GALK1	17	75758518	75758518
SeqId_11449_22	CAPZA1	1	112619805	112619805
SeqId_11476_43	VPS4A	16	69311350	69311350
SeqId_11480_1	ALDH3A1	17	19741356	19741356
SeqId_11493_169	DYNLL2	17	58083419	58083419
SeqId_11510_31	APOL1	22	36253010	36253010
SeqId_11514_196	CD59	11	33717437	33717437
SeqId_11516_7	FABP1	2	88128041	88128041
SeqId_11530_37	HMBS	11	119084866	119084866
SeqId_11531_24	C10orf54	10	71757630	71757630
SeqId_11568_2	FKBP1B	2	24049701	24049701
SeqId_11608_5	MAP1LC3B	16	87383953	87383953
SeqId_11615_16	DAPP1	4	99816827	99816827
SeqId_11634_32	RGS10	10	119516488	119516488
SeqId_11636_33	TAGLN2	1	159923717	159923717
SeqId_11646_4	CHST9	18	27143038	27143038
SeqId_11649_3	SMAP1	6	70667776	70667776
SeqId_11656_110	EVL	14	99971449	99971449
SeqId_11659_31	CLINT1	5	157790561	157790561
SeqId_11664_32	ARFGAP2	11	47168503	47168503
SeqId_11681_8	AGFG1	2	227472152	227472152
SeqId_11683_19	GGA3	17	75238985	75238985
SeqId_11696_7	CRABP2	1	156705583	156705583
SeqId_11708_2	LCN1	9	135521438	135521438
SeqId_11955_1	ARHGAP1	11	46681516	46681516
SeqId_11969_5	S100A2	1	153563874	153563874
SeqId_12016_60	CBL	11	119206298	119206298
SeqId_12020_39	BPGM	7	134646811	134646811
SeqId_12333_87	RPIA	2	88691673	88691673
SeqId_12334_25	SHMT1	17	18333439	18333439
SeqId_12338_27	EGFLAM	5	38258409	38258409
SeqId_12340_17	AARS	16	70258215	70258215
SeqId_12347_29	CCM2	7	44999475	44999475
SeqId_12348_46	SARS2	19	38916046	38916046
SeqId_12356_65	SRI	7	88210493	88210493
SeqId_12370_30	APOF	12	56362857	56362857
SeqId_12374_8	PAFAH1B3	19	42302292	42302292
SeqId_12378_71	TAPBP	6	33313955	33313955
SeqId_12381_26	CBR1	21	36069941	36069941
SeqId_12382_2	DDX58	9	32526196	32526196
SeqId_12386_11	RNPEP	1	201982372	201982372
SeqId_12387_7	PDLIM4	5	132257696	132257696
SeqId_12395_86	DARS2	1	173824653	173824653
SeqId_12396_19	HIBCH	2	190205232	190205232
SeqId_12399_194	CCDC50	3	191329085	191329085
SeqId_12411_60	MAX	14	65101685	65101685
SeqId_12428_2	LYPLAL1	1	219173869	219173869
SeqId_12432_23	CACYBP	1	174999163	174999163
SeqId_12436_84	GSTO1	10	104235356	104235356
SeqId_12438_127	MPG	16	77007	77007
SeqId_12449_16	PPIH	1	42658423	42658423
SeqId_12459_13	PLEKHA1	10	122374696	122374696
SeqId_12469_19	MAPRE1	20	32819954	32819954
SeqId_12475_48	CLIC5	6	45937464	45937464
SeqId_12486_8	GLRX2	1	193105431	193105431
SeqId_12494_99	GABARAPL2	16	75566375	75566375
SeqId_12498_12	TAX1BP3	17	3668578	3668578
SeqId_12508_9	VPS24	2	86512535	86512535
SeqId_12517_52	PDCD5	19	32581190	32581190
SeqId_12522_6	RAD23B	9	107283137	107283137
SeqId_12524_18	SAT2	17	7627139	7627139
SeqId_12534_10	CALCOCO2	17	48830988	48830988
SeqId_12546_1	SMTN	22	31064105	31064105
SeqId_12549_33	HPGDS	4	94342836	94342836
SeqId_12558_3	UBASH3B	11	122655722	122655722
SeqId_12560_9	NT5C	17	75131048	75131048
SeqId_12563_2	TNFAIP8	5	119268692	119268692
SeqId_12569_25	CCT5	5	10249929	10249929
SeqId_12571_14	ARL3	10	102714397	102714397
SeqId_12573_80	TRIM3	11	6450391	6450391
SeqId_12575_30	MTHFD1	14	64388031	64388031
SeqId_12594_5	GCA	2	162318840	162318840
SeqId_12599_10	FERMT3	11	64206678	64206678
SeqId_12612_37	PSMB1	6	170550441	170550441
SeqId_12619_14	PPM1A	14	60245752	60245752
SeqId_12628_31	LANCL2	7	55365448	55365448
SeqId_12637_7	CRAT	9	129098036	129098036
SeqId_12641_3	INPP5B	1	37864849	37864849
SeqId_12643_4	ARRB1	11	75274938	75274938
SeqId_12646_2	RPE	2	210002565	210002565
SeqId_12652_37	AHCYL1	1	109984765	109984765
SeqId_12656_1	KLC1	14	103561896	103561896
SeqId_12659_13	OLA1	2	174079351	174079351
SeqId_12662_82	ECH1	19	38816270	38816270
SeqId_12675_14	DARS	2	135911617	135911617
SeqId_12677_164	FLII	17	18245968	18245968
SeqId_12682_5	CCBL2	1	88988355	88988355
SeqId_12684_5	SCIN	7	12570577	12570577
SeqId_12685_57	HOMER2	15	82849727	82849727
SeqId_12687_2	DECR1	8	90001405	90001405
SeqId_12691_44	SHMT2	12	57229573	57229573
SeqId_12697_30	PIP4K2A	10	22539635	22539635
SeqId_12703_6	NEK7	1	198156994	198156994
SeqId_12714_38	AP1G2	14	23560311	23560311
SeqId_12727_7	PTGFRN	1	116909916	116909916
SeqId_12731_12	PLEKHA7	11	16789857	16789857
SeqId_12812_25	ACYP2	2	53970838	53970838
SeqId_12831_21	TESC	12	117046831	117046831
SeqId_12859_33	ECI2	6	4133782	4133782
SeqId_12869_68	DDX6	11	118759369	118759369
SeqId_12893_159	IFI16	1	158999968	158999968
SeqId_12956_40	KIAA1279	10	68988721	68988721
SeqId_13044_5	TSG101	11	18481731	18481731
SeqId_13059_33	RFK	9	76393766	76393766
SeqId_13062_4	GMFG	19	39335531	39335531
SeqId_13082_9	UNC45A	15	90930180	90930180
SeqId_13088_397	BTC	4	74770156	74770156
SeqId_13090_17	S100A6	1	153535991	153535991
SeqId_13093_6	SECTM1	17	82328506	82328506
SeqId_13094_75	RSPO3	6	127118671	127118671
SeqId_13095_51	REG1A	2	79120362	79120362
SeqId_13102_1	FAM3D	3	58657696	58657696
SeqId_13107_9	LYPD3	19	43463963	43463963
SeqId_13109_82	NEGR1	1	71439838	71439838
SeqId_13112_179	FSTL1	3	120400089	120400089
SeqId_13113_7	SPP1	4	87975650	87975650
SeqId_13114_50	LUM	12	91111439	91111439
SeqId_13116_25	CD177	19	43353686	43353686
SeqId_13118_5	SMOC1	14	69854131	69854131
SeqId_13119_26	SERPINA10	14	94290648	94290648
SeqId_13122_19	FLRT2	14	85530144	85530144
SeqId_13123_3	FLRT3	20	14337608	14337608
SeqId_13124_20	ISLR2	15	74100311	74100311
SeqId_13125_45	VTN	17	28368937	28368937
SeqId_13126_52	DSC2	18	31102421	31102421
SeqId_13130_150	HK2	2	74834127	74834127
SeqId_13132_14	SEMA5A	5	9265545	9265545
SeqId_13133_73	LTBP4	19	40592883	40592883
SeqId_13242_134	SHANK3	22	50674415	50674415
SeqId_13381_49	B4GALT1	9	33167356	33167356
SeqId_13384_110	FH	1	241513676	241513676
SeqId_13388_57	PCSK1	5	96412985	96412985
SeqId_13405_61	SPINK2	4	56811796	56811796
SeqId_13416_8	TMEM132D	12	129086000	129086000
SeqId_13423_94	FAM213A	10	80407829	80407829
SeqId_13427_66	MAN1C1	1	25617468	25617468
SeqId_13450_49	USP8	15	50424380	50424380
SeqId_13460_4	CHAD	17	50465425	50465425
SeqId_13463_1	PXDN	2	1637064	1637064
SeqId_13465_5	RCAN1	21	34521583	34521583
SeqId_13472_35	HDHD2	18	47110856	47110856
SeqId_13481_24	TCEA2	20	64049836	64049836
SeqId_13488_3	ARFIP1	4	152779937	152779937
SeqId_13519_112	ARHGEF25	12	57610180	57610180
SeqId_13534_20	MYOM2	8	2045046	2045046
SeqId_13544_9	HMHA1	19	1065923	1065923
SeqId_13545_97	EIF1AD	11	66000482	66000482
SeqId_13552_7	SWAP70	11	9664077	9664077
SeqId_13575_40	DVL2	17	7227827	7227827
SeqId_13578_98	ABLIM3	5	149141483	149141483
SeqId_13590_1	REXO2	11	114439386	114439386
SeqId_13594_158	GGA1	22	37608725	37608725
SeqId_13615_60	NCK2	2	105744912	105744912
SeqId_13621_31	AP2A2	11	924894	924894
SeqId_13622_16	PPP2R5A	1	212285410	212285410
SeqId_13624_17	NADK	1	1754383	1754383
SeqId_13632_10	ZYX	7	143381295	143381295
SeqId_13657_2	PNKP	19	49860514	49860514
SeqId_13666_222	CA10	17	51747788	51747788
SeqId_13669_6	FGFR3	4	1793293	1793293
SeqId_13671_40	ELANE	19	851014	851014
SeqId_13676_46	INHBB	2	120346136	120346136
SeqId_13682_47	CSF1R	5	150054820	150054820
SeqId_13686_2	IL5RA	3	3109980	3109980
SeqId_13692_154	WISP1	8	133191039	133191039
SeqId_13697_51	GPD1	12	50103982	50103982
SeqId_13700_10	ANXA2	15	60351553	60351553
SeqId_13717_15	FCN2	9	134880810	134880810
SeqId_13719_19	PAK4	19	39125770	39125770
SeqId_13720_95	PRTN3	19	840999	840999
SeqId_13733_5	IL12B	5	159330487	159330487
SeqId_13738_8	INHBA	7	41692564	41692564
SeqId_13740_51	FRZB	2	182866637	182866637
SeqId_13748_4	CCL8	17	34319435	34319435
SeqId_13929_27	CROT	7	87345681	87345681
SeqId_13930_3	APOBEC3G	22	39077067	39077067
SeqId_13931_22	PSMD9	12	121888732	121888732
SeqId_13940_19	IFI16	1	158999968	158999968
SeqId_13943_38	DPY30	2	32023757	32023757
SeqId_13944_3	SULT1A3	16	30199228	30199228
SeqId_13947_371	NUDT12	5	103556089	103556089
SeqId_13950_9	COL4A3BP	5	75369337	75369337
SeqId_13954_9	GNPNAT1	14	52777081	52777081
SeqId_13959_7	LAP3	4	17577192	17577192
SeqId_13963_7	TOLLIP	11	1292170	1292170
SeqId_13967_14	TXNRD1	12	104215779	104215779
SeqId_13969_24	KPNA6	1	32108056	32108056
SeqId_13972_4	HSD17B14	19	48815072	48815072
SeqId_13975_56	PPFIA1	11	70270700	70270700
SeqId_13983_27	CRYZ	1	74708827	74708827
SeqId_13986_6	LANCL1	2	210440745	210440745
SeqId_13988_67	NMRAL1	16	4464240	4464240
SeqId_13998_26	ADSSL1	14	104724186	104724186
SeqId_14006_36	GNMT	6	42960754	42960754
SeqId_14009_65	TNFAIP3	6	137867214	137867214
SeqId_14047_78	BDNF	11	27659658	27659658
SeqId_14048_7	IL1RAP	3	190514051	190514051
SeqId_14054_17	IL15RA	10	5960567	5960567
SeqId_14067_6	PKP2	12	32792875	32792875
SeqId_14076_74	CST4	20	23689040	23689040
SeqId_14079_14	IL18R1	2	102311529	102311529
SeqId_14083_25	SEPHS1	10	13340790	13340790
SeqId_14088_38	IGFBP6	12	53097436	53097436
SeqId_14090_23	DEF6	6	35297818	35297818
SeqId_14091_42	CBR3	21	36135079	36135079
SeqId_14094_29	HBEGF	5	140335130	140335130
SeqId_14098_28	CARS	11	3007010	3007010
SeqId_14100_63	C1QC	1	22643633	22643633
SeqId_14101_2	CNTFR	9	34589706	34589706
SeqId_14107_1	MTHFS	15	79845327	79845327
SeqId_14111_15	THBS2	6	169223440	169223440
SeqId_14112_40	RELT	11	73376399	73376399
SeqId_14114_18	PIANP	12	6698306	6698306
SeqId_14116_129	S100A4	1	153545063	153545063
SeqId_14121_24	TNFRSF10D	8	23164027	23164027
SeqId_14123_34	C10orf54	10	71757630	71757630
SeqId_14131_37	EFNB2	13	106516447	106516447
SeqId_14133_93	IL1R2	2	101991960	101991960
SeqId_14134_49	AMIGO2	12	47079642	47079642
SeqId_14136_234	CD93	20	23086324	23086324
SeqId_14139_16	NRG4	15	75942772	75942772
SeqId_14151_4	ISG15	1	1001138	1001138
SeqId_14153_8	EFNA3	1	155078837	155078837
SeqId_14156_33	YWHAB	20	44885702	44885702
SeqId_14158_17	ANXA5	4	121672558	121672558
SeqId_14203_3	ANXA7	10	73378958	73378958
SeqId_14208_3	RBP7	1	9997206	9997206
SeqId_14246_50	DOK2	8	21911075	21911075
SeqId_14271_23	RAB6B	3	133894719	133894719
SeqId_14273_19	PREP	6	105323768	105323768
SeqId_14618_26	VOPP1	7	55516077	55516077
SeqId_14623_26	SUMO3	21	44817968	44817968
SeqId_14631_22	DUSP16	12	12506187	12506187
SeqId_14636_25	HRSP12	8	98106631	98106631
SeqId_14655_1	DNAJC17	15	40770289	40770289
SeqId_14675_20	EIF4B	12	53006158	53006158
SeqId_14684_17	CAPN2	1	223701593	223701593
SeqId_14688_6	PTPN7	1	202158569	202158569
SeqId_14708_59	C8G	9	136945185	136945185
SeqId_14711_27	CST6	11	66012008	66012008
SeqId_14747_9	CRLF1	19	18594134	18594134
SeqId_15299_102	MESDC2	15	80978813	80978813
SeqId_15300_66	CCDC134	22	41800679	41800679
SeqId_15304_1	REG3A	2	79159744	79159744
SeqId_15308_108	VWC2	7	49773638	49773638
SeqId_15314_49	CLIC4	1	24745382	24745382
SeqId_15316_262	TXNL4B	16	72093552	72093552
SeqId_15321_8	CPLX2	5	175796310	175796310
SeqId_15322_35	CRADD	12	93677375	93677375
SeqId_15326_64	GBP1	1	89055341	89055341
SeqId_15336_7	SELM	22	31105764	31105764
SeqId_15343_337	KNG1	3	186717348	186717348
SeqId_15363_32	APOA5	11	116791871	116791871
SeqId_15364_101	APOC1	19	44914247	44914247
SeqId_15367_38	BPIFB1	20	33273480	33273480
SeqId_15368_3	BMPER	7	33904308	33904308
SeqId_15370_5	BOLA1	1	149887890	149887890
SeqId_15372_43	BRD2	6	32968594	32968594
SeqId_15375_49	CPB1	3	148791102	148791102
SeqId_15384_15	KL	13	33016423	33016423
SeqId_15385_116	FABP2	4	119322138	119322138
SeqId_15386_7	FABP4	8	81479970	81479970
SeqId_15387_44	NRP2	2	205681990	205681990
SeqId_15388_24	FCGR3A	1	161549730	161549730
SeqId_15391_114	GAS6	13	113823194	113823194
SeqId_15394_79	UNC5B	10	71212570	71212570
SeqId_15395_15	GSTM1	1	109687814	109687814
SeqId_15414_316	LDHA	11	18394560	18394560
SeqId_15417_3	SERPINB5	18	63476958	63476958
SeqId_15427_35	LOXL3	2	74549459	74549459
SeqId_15433_4	SRC	20	37344685	37344685
SeqId_15435_4	PNP	14	20468954	20468954
SeqId_15439_21	RND3	2	150471960	150471960
SeqId_15440_57	PCSK2	20	17226107	17226107
SeqId_15441_6	GM2A	5	151212150	151212150
SeqId_15447_45	SORD	15	45023181	45023181
SeqId_15449_33	TIMD4	5	156935676	156935676
SeqId_15452_5	NT5E	6	85449584	85449584
SeqId_15453_3	AMBP	9	114074969	114074969
SeqId_15457_14	ANPEP	15	89793187	89793187
SeqId_15460_9	DPP4	2	162014462	162014462
SeqId_15462_28	CD8A	2	86790825	86790825
SeqId_15466_30	COL9A1	6	70246303	70246303
SeqId_15468_14	CFHR1	1	196819757	196819757
SeqId_15470_11	HEXB	5	74640023	74640023
SeqId_15471_29	PNLIPRP2	10	116620953	116620953
SeqId_15472_16	LRP11	6	149836199	149836199
SeqId_15474_7	PIN1	19	9835257	9835257
SeqId_15475_4	PLTP	20	45910937	45910937
SeqId_15476_6	REG3G	2	79025686	79025686
SeqId_15480_2	VNN2	6	132757873	132757873
SeqId_15483_377	AGRN	1	1020120	1020120
SeqId_15486_126	AOC1	7	150824627	150824627
SeqId_15487_164	CES1	16	55810655	55810655
SeqId_15491_20	CD248	11	66317044	66317044
SeqId_15492_1	CRIM1	2	36355778	36355778
SeqId_15494_11	FGFBP1	4	15938740	15938740
SeqId_15495_9	FOLR3	11	72114869	72114869
SeqId_15499_11	ATRN	20	3471018	3471018
SeqId_15503_15	LEFTY2	1	225940101	225940101
SeqId_15503_20	LEFTY2	1	225940101	225940101
SeqId_15509_2	NAGLU	17	42536241	42536241
SeqId_15511_37	NPTXR	22	38843858	38843858
SeqId_15513_108	PRSS8	16	31135640	31135640
SeqId_15514_26	BCHE	3	165837420	165837420
SeqId_15515_2	SAA1	11	18266260	18266260
SeqId_15516_12	SAA4	11	18236802	18236802
SeqId_15521_4	CLSTN1	1	9733486	9733486
SeqId_15522_2	GLIPR2	9	36136536	36136536
SeqId_15523_9	ALAD	9	113392555	113392555
SeqId_15524_30	PGAM2	7	44065567	44065567
SeqId_15525_294	ADH1C	4	99352730	99352730
SeqId_15526_33	GSS	20	34931583	34931583
SeqId_15527_90	DLD	7	107891162	107891162
SeqId_15529_33	CSRP1	1	201492499	201492499
SeqId_15530_33	EPHB4	7	100807579	100807579
SeqId_15533_97	MSR1	8	16164251	16164251
SeqId_15534_26	MDH2	7	76048051	76048051
SeqId_15535_3	PRSS27	16	2715565	2715565
SeqId_15539_15	SLITRK1	13	83882393	83882393
SeqId_15540_6	VIM	10	17228241	17228241
SeqId_15542_19	CKMT1A	15	43593054	43593054
SeqId_15544_25	KLK14	19	51082886	51082886
SeqId_15556_49	AMY2B	1	103553815	103553815
SeqId_15558_63	ENPEP	4	110365733	110365733
SeqId_15559_5	ANTXR2	4	79964890	79964890
SeqId_15560_52	TCN2	22	30607003	30607003
SeqId_15562_24	GUSB	7	65967908	65967908
SeqId_15565_102	MUC16	19	8867014	8867014
SeqId_15566_10	CNN1	19	11538767	11538767
SeqId_15570_99	CR2	1	207454230	207454230
SeqId_15573_110	NCAN	19	19211958	19211958
SeqId_15576_158	RNASE3	14	20891399	20891399
SeqId_15579_26	ENPP6	4	184117821	184117821
SeqId_15582_25	FCN1	9	134917877	134917877
SeqId_15583_18	FCRLB	1	161721563	161721563
SeqId_15584_9	CFHR2	1	196943738	196943738
SeqId_15585_304	FBLN5	14	91874816	91874816
SeqId_15587_20	FOLR2	11	72216601	72216601
SeqId_15589_1	GC	4	71754478	71754478
SeqId_15591_28	GPX1	3	49358278	49358278
SeqId_15594_47	HTRA1	10	122458551	122458551
SeqId_15596_7	HEXIM1	17	45148502	45148502
SeqId_15602_43	IL6R	1	154405193	154405193
SeqId_15603_20	ITGA2	5	52989340	52989340
SeqId_15604_18	MAPK9	5	180242900	180242900
SeqId_15610_72	LAP3	4	17577192	17577192
SeqId_15612_5	LIN7B	19	49114324	49114324
SeqId_15614_168	LILRA2	19	54572920	54572920
SeqId_15615_8	LILRB3	19	54217698	54217698
SeqId_15617_8	XCL2	1	168543997	168543997
SeqId_15620_4	NLGN1	3	173396284	173396284
SeqId_15626_223	HSPG2	1	21824266	21824266
SeqId_15627_83	AKT1	14	104772963	104772963
SeqId_15631_18	PSG1	19	42870645	42870645
SeqId_15633_6	RBP4	10	93601235	93601235
SeqId_15635_4	SMOC2	6	168441151	168441151
SeqId_15636_49	SORCS1	10	106607218	106607218
SeqId_15640_54	TAGLN	11	117199370	117199370
SeqId_15641_20	TMEFF1	9	100473149	100473149
SeqId_15644_1	BTD	3	15601341	15601341
SeqId_15653_9	COL10A1	6	116125900	116125900
SeqId_15668_19	BMP8B	1	39788865	39788865
SeqId_15678_71	DKK2	4	107035812	107035812
SeqId_15686_49	INHBC	12	57434784	57434784
SeqId_16015_19	GPT	8	144502973	144502973
SeqId_16035_8	FLT4	5	180611716	180611716
SeqId_16055_3	CFHR5	1	196977556	196977556
SeqId_16057_6	IGF2R	6	159969099	159969099
SeqId_16060_99	NID2	14	52007924	52007924
SeqId_16070_7	WIF1	12	65066659	65066659
SeqId_16079_2	TEC	4	48141683	48141683
SeqId_16288_17	EPHA4	2	221425540	221425540
SeqId_16296_43	LGR5	12	71439798	71439798
SeqId_16300_4	TREM2	6	41163103	41163103
SeqId_16302_11	BPIFA2	20	33161768	33161768
SeqId_16304_6	LGR4	11	27374000	27374000
SeqId_16307_22	UNC5D	8	35235475	35235475
SeqId_16309_30	DKKL1	19	49361783	49361783
SeqId_16318_12	ACVRL1	12	51906908	51906908
SeqId_16322_10	PACAP	5	139388762	139388762
SeqId_16324_38	TLR1	4	38794633	38794633
SeqId_16558_2	MYOC	1	171652629	171652629
SeqId_16561_9	A1BG	19	58347634	58347634
SeqId_16583_8	NUDT2	9	34329506	34329506
SeqId_16594_44	FAIM	3	138608606	138608606
SeqId_16596_25	GLRX3	10	130136391	130136391
SeqId_16605_2	C1QTNF9	13	24307166	24307166
SeqId_16606_85	AKR1B1	7	134448024	134448024
SeqId_16607_78	GSN	9	121207794	121207794
SeqId_16609_106	KIRREL2	19	35855861	35855861
SeqId_16610_13	LRP10	14	22871740	22871740
SeqId_16613_3	CDH17	8	94162128	94162128
SeqId_16614_27	RSPO1	1	37634616	37634616
SeqId_16616_137	ENO3	17	4948092	4948092
SeqId_16620_26	LY75	2	159904649	159904649
SeqId_16621_77	APOA1BP	1	156591762	156591762
SeqId_16751_15	NPPB	1	11858945	11858945
SeqId_16753_46	COL6A2	21	46098112	46098112
SeqId_16758_96	HDGF	1	156744276	156744276
SeqId_16763_11	LECT2	5	135953116	135953116
SeqId_16765_52	PPBP	4	73988190	73988190
SeqId_16770_3	REG1B	2	79086847	79086847
SeqId_16773_29	SCUBE3	6	35213956	35213956
SeqId_16781_2	ENGASE	17	79074939	79074939
SeqId_16792_4	SIGLEC5	19	51645545	51645545
SeqId_16805_5	PDE5A	4	119505935	119505935
SeqId_16809_1	NME4	16	396725	396725
SeqId_16818_200	CDCP1	3	45139595	45139595
SeqId_16823_75	APOL3	22	36149126	36149126
SeqId_16825_20	ATXN3	14	92048065	92048065
SeqId_16828_8	COL6A1	21	45981769	45981769
SeqId_16851_50	SCO2	22	50525604	50525604
SeqId_16856_79	MAPRE2	18	34976928	34976928
SeqId_16872_248	GSTZ1	14	77320996	77320996
SeqId_16882_27	PHPT1	9	136848724	136848724
SeqId_16890_37	ADAMTSL1	9	17906563	17906563
SeqId_16892_23	ENPP2	8	119578485	119578485
SeqId_16900_29	MDGA1	6	37639824	37639824
SeqId_16907_3	CADM2	3	84958981	84958981
SeqId_16908_5	OMG	17	31273622	31273622
SeqId_16913_8	RNASET2	6	166933049	166933049
SeqId_16914_104	CD14	5	140633175	140633175
SeqId_16915_153	SEMA4A	1	156147366	156147366
SeqId_16916_19	SLITRK6	13	85799419	85799419
SeqId_16918_198	TLR3	4	186069152	186069152
SeqId_16919_1	DBI	2	119366921	119366921
SeqId_17138_8	GSTA1	6	52799297	52799297
SeqId_17140_57	PDGFD	11	104037026	104037026
SeqId_17148_7	BLVRB	19	40458457	40458457
SeqId_17151_84	IRF3	19	49661003	49661003
SeqId_17153_46	KIR2DL3	19	54738513	54738513
SeqId_17156_72	DCLK1	13	35793479	35793479
SeqId_17161_1	DDOST	1	20653084	20653084
SeqId_17164_15	ANXA4	2	69644425	69644425
SeqId_17165_1	PPBP	4	73988190	73988190
SeqId_17170_15	CALCB	11	14904997	14904997
SeqId_17205_21	RAB5A	3	19947097	19947097
SeqId_17210_2	TCL1A	14	95711962	95711962
SeqId_17224_12	OGN	9	92393152	92393152
SeqId_17231_1	LCP1	13	46153243	46153243
SeqId_17325_10	GUK1	1	228139962	228139962
SeqId_17327_3	CNPY3	6	42929192	42929192
SeqId_17329_2	BDH2	4	103099808	103099808
SeqId_17331_138	KREMEN1	22	29073078	29073078
SeqId_17332_3	ADPRHL2	1	36088892	36088892
SeqId_17333_20	ACADM	1	75724347	75724347
SeqId_17341_89	ACAT2	6	159762045	159762045
SeqId_17345_12	ZADH2	18	75205513	75205513
SeqId_17347_80	AIDA	1	222676218	222676218
SeqId_17350_13	CHMP2B	3	87227271	87227271
SeqId_17367_5	STMN1	1	25892607	25892607
SeqId_17370_186	ABHD10	3	111979010	111979010
SeqId_17377_1	AKR1C3	10	5035354	5035354
SeqId_17380_2	UBE2K	4	39698109	39698109
SeqId_17383_4	STARD5	15	81310139	81310139
SeqId_17384_110	PFKM	12	48105139	48105139
SeqId_17391_10	RBM17	10	6089034	6089034
SeqId_17396_23	ADH1A	4	99290983	99290983
SeqId_17447_52	SFRP4	7	37909839	37909839
SeqId_17450_51	HARS	5	140675333	140675333
SeqId_17453_34	CP	3	149176714	149176714
SeqId_17456_53	GOLM1	9	86036813	86036813
SeqId_17460_51	MX1	21	41420304	41420304
SeqId_17490_4	SH3BGRL3	1	26280086	26280086
SeqId_17512_2	NMI	2	151289668	151289668
SeqId_17513_11	ANXA11	10	80158018	80158018
SeqId_17514_48	RAB21	12	71754863	71754863
SeqId_17515_6	HSPA13	21	14383146	14383146
SeqId_17672_184	GIF	11	59835927	59835927
SeqId_17675_17	ACOT13	6	24667035	24667035
SeqId_17676_13	TRIP10	19	6737925	6737925
SeqId_17680_12	EPHB1	3	134597801	134597801
SeqId_17682_1	CD46	1	207752057	207752057
SeqId_17685_9	APOA4	11	116823304	116823304
SeqId_17686_27	TBCB	19	36114289	36114289
SeqId_17691_1	TPP1	11	6615455	6615455
SeqId_17692_2	BTN3A3	6	26440472	26440472
SeqId_17694_32	PSME2	14	24143952	24143952
SeqId_17697_2	OVCA2	17	2042022	2042022
SeqId_17702_53	UGT1A1	2	233760270	233760270
SeqId_17704_74	HSPH1	13	31138568	31138568
SeqId_17706_4	PPP1R1A	12	54584316	54584316
SeqId_17712_7	IDI1	10	1048397	1048397
SeqId_17722_5	FKBP4	12	2794970	2794970
SeqId_17726_3	SAR1A	10	70157823	70157823
SeqId_17728_61	CHMP2A	19	58554097	58554097
SeqId_17737_7	IVD	15	40405485	40405485
SeqId_17739_1	HADH	4	107989714	107989714
SeqId_17746_77	FIS1	7	101241177	101241177
SeqId_17748_21	TP53I3	2	24084311	24084311
SeqId_17751_68	CRYBB1	22	26608329	26608329
SeqId_17755_5	UGDH	4	39526557	39526557
SeqId_17757_86	CAB39	2	230712842	230712842
SeqId_17758_79	DCXR	17	82036412	82036412
SeqId_17761_2	NUDT5	10	12173813	12173813
SeqId_17764_108	RHOC	1	112703653	112703653
SeqId_17765_3	SNUPN	15	75605364	75605364
SeqId_17766_5	NCF1	7	74773962	74773962
SeqId_17769_28	PCNP	3	101574180	101574180
SeqId_17773_26	NAPG	18	10525905	10525905
SeqId_17781_191	MAP1LC3A	20	34546854	34546854
SeqId_17782_23	ACAA1	3	38123083	38123083
SeqId_17783_9	MMAB	12	109573480	109573480
SeqId_17785_11	RCL	6	43226627	43226627
SeqId_17787_1	ECHS1	10	133373354	133373354
SeqId_17791_25	HPCAL1	2	10302889	10302889
SeqId_17794_6	PMM2	16	8788823	8788823
SeqId_17796_15	IMPA1	8	81674421	81674421
SeqId_17799_9	PGLS	19	17511636	17511636
SeqId_17802_4	NANS	9	98056732	98056732
SeqId_17808_37	NIT2	3	100334739	100334739
SeqId_17813_21	BPHL	6	3118374	3118374
SeqId_17814_8	BPNT1	1	220074067	220074067
SeqId_17818_22	SUGT1	13	52652709	52652709
SeqId_17819_30	FAHD1	16	1826941	1826941
SeqId_17821_20	NMT2	10	15109828	15109828
SeqId_17828_3	S100A14	1	153615938	153615938
SeqId_17832_12	IDI2	10	1025859	1025859
SeqId_17836_17	S100A16	1	153608322	153608322
SeqId_17843_30	PPCS	1	42456117	42456117
SeqId_17852_5	PPME1	11	74171267	74171267
SeqId_17856_23	NT5M	17	17303335	17303335
SeqId_18172_71	ASF1A	6	118894152	118894152
SeqId_18173_11	AKR7A3	1	19288770	19288770
SeqId_18174_79	PDCD6IP	3	33798571	33798571
SeqId_18175_65	VAT1	17	43016313	43016313
SeqId_18177_49	NAE1	16	66806069	66806069
SeqId_18178_13	SARS	1	109213918	109213918
SeqId_18180_58	RTN4IP1	6	106572411	106572411
SeqId_18182_24	PCK1	20	57561080	57561080
SeqId_18183_3	LDLRAP1	1	25543606	25543606
SeqId_18184_28	GMPS	3	155870650	155870650
SeqId_18185_118	ALDOB	9	101429875	101429875
SeqId_18186_15	TARS	5	33440696	33440696
SeqId_18191_23	RANBP1	22	20115938	20115938
SeqId_18206_18	ADH6	4	99208814	99208814
SeqId_18213_30	UBE2F	2	237966827	237966827
SeqId_18214_2	GCLM	1	93908790	93908790
SeqId_18215_5	THG1L	5	157731420	157731420
SeqId_18216_22	IL11RA	9	34650702	34650702
SeqId_18218_48	CNRIP1	2	68319400	68319400
SeqId_18220_141	SRA1	5	140551128	140551128
SeqId_18222_34	SH3GLB2	9	129012016	129012016
SeqId_18225_13	HEBP1	12	12979795	12979795
SeqId_18235_16	PGP	16	2213899	2213899
SeqId_18236_3	HSPC159	2	64453969	64453969
SeqId_18241_18	CPOX	3	98585862	98585862
SeqId_18243_9	CMPK1	1	47333797	47333797
SeqId_18244_1	ANXA7	10	73378958	73378958
SeqId_18280_29	DTD2	14	31457425	31457425
SeqId_18289_16	CCL15	17	35998370	35998370
SeqId_18295_102	GRHPR	9	37422666	37422666
SeqId_18310_26	SEPW1	19	47778585	47778585
SeqId_18313_4	ASRGL1	11	62337448	62337448
SeqId_18315_38	RTP4	3	187368385	187368385
SeqId_18319_7	PDHX	11	34915829	34915829
SeqId_18332_17	CPLX1	4	792692	792692
SeqId_18338_26	IDH1	2	208240315	208240315
SeqId_18340_2	PSMB4	1	151399560	151399560
SeqId_18342_2	PSAT1	9	78297125	78297125
SeqId_18343_10	DECR2	16	401858	401858
SeqId_18373_13	RDX	11	110233466	110233466
SeqId_18386_36	GLRX	5	95819502	95819502
SeqId_18387_7	ST13	22	40835905	40835905
SeqId_18397_5	AKR1C4	10	5195462	5195462
SeqId_18398_1	AKR1D1	7	138002324	138002324
SeqId_18401_18	ALKBH3	11	43880811	43880811
SeqId_18403_25	AMPD2	1	109616104	109616104
SeqId_18408_26	ARF4	3	57597198	57597198
SeqId_18417_3	AS3MT	10	102869470	102869470
SeqId_18813_15	DDX19A	16	70346861	70346861
SeqId_18819_21	PPIC	5	123036725	123036725
SeqId_18824_7	EIF4A2	3	186783205	186783205
SeqId_18830_1	ITLN1	1	160881521	160881521
SeqId_18831_6	LRIG1	3	66404410	66404410
SeqId_18832_65	SAA2	11	18248019	18248019
SeqId_18841_1	SERPINB13	18	63586989	63586989
SeqId_18864_7	PRSS3	9	33750466	33750466
SeqId_18871_24	AIF1L	9	131096476	131096476
SeqId_18873_8	CEACAM8	19	42594924	42594924
SeqId_18875_125	COL2A1	12	47977445	47977445
SeqId_18876_77	CHST4	16	71525233	71525233
SeqId_18878_15	GREM1	15	32718004	32718004
SeqId_18880_81	COL3A1	2	188974373	188974373
SeqId_18881_7	CD97	19	14380501	14380501
SeqId_18882_7	CLSTN2	3	139935185	139935185
SeqId_18884_22	DNAJB4	1	77979175	77979175
SeqId_18886_28	DSCAML1	11	117797091	117797091
SeqId_18891_98	GBP2	1	89113050	89113050
SeqId_18893_26	GPR56	16	57610652	57610652
SeqId_18895_54	GSTM4	1	109656099	109656099
SeqId_18896_23	HS6ST3	13	96090839	96090839
SeqId_18897_31	HDAC2	6	113949323	113949323
SeqId_18899_82	HDGFRP3	15	83157989	83157989
SeqId_18916_25	ITPA	20	3208868	3208868
SeqId_18917_53	AMY2A	1	103616811	103616811
SeqId_18922_27	CD68	17	7579491	7579491
SeqId_18930_28	SLIT2	4	20251905	20251905
SeqId_18933_4	TGM4	3	44874608	44874608
SeqId_18934_50	TGM2	20	38133760	38133760
SeqId_19113_66	SH3BGRL2	6	79631329	79631329
SeqId_19115_13	CMBL	5	10282288	10282288
SeqId_19124_9	UBLCP1	5	159263290	159263290
SeqId_19127_1	HSPB6	19	35757009	35757009
SeqId_19129_15	MTHFSD	16	86533800	86533800
SeqId_19130_81	SERPINB8	18	63970029	63970029
SeqId_19135_5	NT5C3L	17	41830880	41830880
SeqId_19136_22	ALDH6A1	14	74069258	74069258
SeqId_19143_38	CYB5R2	11	7666684	7666684
SeqId_19150_20	PRPSAP2	17	18840085	18840085
SeqId_19154_41	SERPINE2	2	223982780	223982780
SeqId_19161_1	USP15	12	62260338	62260338
SeqId_19173_5	ZFAND1	8	81703128	81703128
SeqId_19176_27	FAM49B	8	129847317	129847317
SeqId_19187_21	STAMBP	2	73828916	73828916
SeqId_19188_21	NAP1L4	11	2951295	2951295
SeqId_19194_9	DTD1	20	18587893	18587893
SeqId_19197_95	ACAT1	11	108116695	108116695
SeqId_19206_20	NUDT1	7	2242222	2242222
SeqId_19207_119	ADK	10	74151202	74151202
SeqId_19213_1	SPINK4	9	33218365	33218365
SeqId_19223_6	RAB1A	2	65130086	65130086
SeqId_19233_75	ATOX1	5	151746563	151746563
SeqId_19237_17	DDT	22	23973183	23973183
SeqId_19238_12	GLUL	1	182385939	182385939
SeqId_19240_265	PDAP1	7	99397960	99397960
SeqId_19241_31	RBP5	12	7128561	7128561
SeqId_19243_2	PFDN2	1	161118037	161118037
SeqId_19251_56	SRGN	10	69088103	69088103
SeqId_19254_125	GMPR	6	16238587	16238587
SeqId_19258_24	GCDH	19	12891160	12891160
SeqId_19260_4	GIPC1	19	14479857	14479857
SeqId_19262_219	ACADVL	17	7217125	7217125
SeqId_19266_35	G3BP1	5	151771045	151771045
SeqId_19267_14	HAGH	16	1812419	1812419
SeqId_19273_3	GSR	8	30726945	30726945
SeqId_19277_4	TSTD1	1	161038307	161038307
SeqId_19279_42	RBP1	3	139518635	139518635
SeqId_19289_29	UROD	1	45010950	45010950
SeqId_19293_6	VPS26A	10	69123512	69123512
SeqId_19317_114	ACPP	3	132317369	132317369
SeqId_19334_62	TXNDC12	1	52023574	52023574
SeqId_19347_37	CA12	15	63331813	63331813
SeqId_19360_22	LRRTM1	2	80304274	80304274
SeqId_19361_78	MATN3	2	19997853	19997853
SeqId_19365_11	BCAT2	19	48797543	48797543
SeqId_19367_34	DCI	16	2244438	2244438
SeqId_19372_7	MDGA2	14	46882222	46882222
SeqId_19376_74	NNMT	11	114257787	114257787
SeqId_19377_14	OLFM2	19	9858146	9858146
SeqId_19379_154	RAB3D	19	11339657	11339657
SeqId_19392_6	DDAH1	1	85404528	85404528
SeqId_19437_61	VEGFA	6	43770184	43770184
SeqId_19446_1	GMPR2	14	24232422	24232422
SeqId_19448_104	UPP1	7	48088628	48088628
SeqId_19488_1	PDCD6	5	271621	271621
SeqId_19496_1	NPL	1	182789293	182789293
SeqId_19504_22	DTYMK	2	241685877	241685877
SeqId_19518_12	HK3	5	176881872	176881872
SeqId_19523_215	PARK7	1	7954291	7954291
SeqId_19556_12	CR1	1	207496147	207496147
SeqId_19557_3	KLB	4	39406930	39406930
SeqId_19558_10	LRP4	11	46862933	46862933
SeqId_19560_23	PLXNA4	7	132145507	132145507
SeqId_19561_216	PLXND1	3	129557034	129557034
SeqId_19563_3	SEZ6L	22	26169462	26169462
SeqId_19578_19	DOK2	8	21911075	21911075
SeqId_19590_46	SFTPD	10	79949105	79949105
SeqId_19602_36	JUND	19	18280929	18280929
SeqId_19606_28	IHH	2	219060921	219060921
SeqId_19614_8	TCN1	11	59854767	59854767
SeqId_19615_213	NT5C3A	7	33015926	33015926
SeqId_19616_100	EFHD1	2	232606057	232606057
SeqId_19617_5	PTGR1	9	111597413	111597413
SeqId_19622_7	INHBA	7	41692564	41692564
SeqId_19631_13	KNG1	3	186717348	186717348
SeqId_19635_69	FGL2	7	77199819	77199819
SeqId_2190_55	F11	4	186266189	186266189
SeqId_2201_17	COL18A1	21	45405165	45405165
SeqId_2212_69	PLAT	8	42180764	42180764
SeqId_2278_61	TIMP2	17	78874089	78874089
SeqId_2381_52	C5	9	120962707	120962707
SeqId_2436_49	CXCL16	17	4736380	4736380
SeqId_2474_54	APCS	1	159587826	159587826
SeqId_2480_58	TIMP3	22	32801701	32801701
SeqId_2500_2	ANGPT4	20	916334	916334
SeqId_2515_14	GFRA2	8	21788159	21788159
SeqId_2516_57	CCL21	9	34710069	34710069
SeqId_2567_5	CFI	4	109746292	109746292
SeqId_2571_12	IGFBP3	7	45915325	45915325
SeqId_2579_17	MMP9	20	46008908	46008908
SeqId_2580_83	MPO	17	58273492	58273492
SeqId_2590_69	ROR1	1	63774017	63774017
SeqId_2597_8	VEGFA	6	43770184	43770184
SeqId_2602_2	ANGPT2	8	6563044	6563044
SeqId_2605_49	TNFRSF8	1	12063303	12063303
SeqId_2609_59	CST3	20	23637945	23637945
SeqId_2611_72	TYRO3	15	41557675	41557675
SeqId_2614_28	EFNA4	1	155063737	155063737
SeqId_2615_60	EFNA5	5	107388553	107388553
SeqId_2617_56	ERBB3	12	56076799	56076799
SeqId_2620_4	IL6ST	5	55947594	55947594
SeqId_2631_50	IL10RB	21	33266367	33266367
SeqId_2632_5	IL12RB1	19	18086930	18086930
SeqId_2635_61	LAYN	11	111540280	111540280
SeqId_2637_77	MRC1	10	17809348	17809348
SeqId_2642_4	PAFAH1B2	11	117144284	117144284
SeqId_2644_11	PRKCA	17	66302613	66302613
SeqId_2647_66	GDI2	10	5769389	5769389
SeqId_2652_15	PLAUR	19	43656573	43656573
SeqId_2654_19	TNFRSF1A	12	6331147	6331147
SeqId_2658_27	NTRK3	15	87933090	87933090
SeqId_2665_26	TNFRSF17	16	11965210	11965210
SeqId_2666_53	DCN	12	91146208	91146208
SeqId_2677_1	EGFR	7	55019017	55019017
SeqId_2681_23	HGF	7	81762996	81762996
SeqId_2683_1	C3	19	6678330	6678330
SeqId_2687_2	MIA	19	40771648	40771648
SeqId_2692_74	PLA2G2A	1	19979067	19979067
SeqId_2697_7	PF4	4	73982027	73982027
SeqId_2700_56	PROS1	3	93886413	93886413
SeqId_2705_5	CCL25	19	8052767	8052767
SeqId_2730_58	MICA	6	31399784	31399784
SeqId_2731_29	POR	7	75899200	75899200
SeqId_2737_22	NOV	8	119416446	119416446
SeqId_2741_22	SIGLEC6	19	51528447	51528447
SeqId_2742_68	SIGLEC7	19	51142299	51142299
SeqId_2743_5	SHH	7	155807370	155807370
SeqId_2744_57	IGHG1 IGHG2 IGHG3 IGHG4 IGK@ IGL@	14	105743071	105743071
SeqId_2747_3	ULBP3	6	150069066	150069066
SeqId_2754_50	C3	19	6678330	6678330
SeqId_2760_2	FAM107A	3	58577388	58577388
SeqId_2771_35	IGFBP1	7	45888360	45888360
SeqId_2774_10	IL16	15	81159575	81159575
SeqId_2783_18	CCL3L1	17	36196457	36196457
SeqId_2789_26	MMP7	11	102530747	102530747
SeqId_2797_56	APOB	2	21042465	21042465
SeqId_2811_27	ANGPT1	8	107295541	107295541
SeqId_2813_11	AGRP	16	67483813	67483813
SeqId_2816_50	BCAM	19	44809071	44809071
SeqId_2819_23	CDH5	16	66366622	66366622
SeqId_2827_23	CX3CL1	16	57372477	57372477
SeqId_2828_82	SPINT1	15	40844018	40844018
SeqId_2831_29	KLK11	19	51024211	51024211
SeqId_2834_54	KLK8	19	50997967	50997967
SeqId_2837_3	MET	7	116672196	116672196
SeqId_2843_13	SPINT2	19	38244035	38244035
SeqId_2844_53	TIE1	1	43300982	43300982
SeqId_2849_49	AIF1	6	31615217	31615217
SeqId_2851_63	C5	9	120962707	120962707
SeqId_2855_49	MAPK3	16	30115999	30115999
SeqId_2864_2	MAP2K1	15	66386817	66386817
SeqId_2870_29	RAC1	7	6374527	6374527
SeqId_2877_3	UBE2I	16	1308880	1308880
SeqId_2879_9	SERPINA3	14	94612384	94612384
SeqId_2888_49	C7	5	40909497	40909497
SeqId_2890_59	CCL28	5	43397264	43397264
SeqId_2900_53	CCL14	17	35986649	35986649
SeqId_2911_27	MDK	11	46380756	46380756
SeqId_2913_1	CCL23	17	36013781	36013781
SeqId_2925_9	SERPINE1	7	101127104	101127104
SeqId_2938_55	APOE	19	44905791	44905791
SeqId_2944_66	NBL1	1	19596979	19596979
SeqId_2946_52	CFD	19	859664	859664
SeqId_2948_58	GHR	5	42423439	42423439
SeqId_2961_1	PROC	2	127418427	127418427
SeqId_2966_65	CLEC11A	19	50723364	50723364
SeqId_2967_8	VCAM1	1	100719742	100719742
SeqId_2968_61	TNFSF15	9	114792108	114792108
SeqId_2972_57	BMP7	20	57173589	57173589
SeqId_2973_15	CD36	7	80369575	80369575
SeqId_2974_61	CNTN1	12	40692439	40692439
SeqId_2977_7	EDAR	2	108989220	108989220
SeqId_2982_82	LGALS4	19	38803651	38803651
SeqId_2985_35	CXCL1	4	73869393	73869393
SeqId_2991_9	IL1R1	2	102064544	102064544
SeqId_2992_59	IL17RA	22	17084954	17084954
SeqId_2993_1	IL18RAP	2	102418689	102418689
SeqId_2994_71	IL1RL2	2	102187006	102187006
SeqId_2998_53	JAM3	11	134069071	134069071
SeqId_2999_6	LSAMP	3	115842497	115842497
SeqId_3000_66	MBL2	10	52771700	52771700
SeqId_3003_29	NCR3	6	31592749	31592749
SeqId_3004_67	PDCD1LG2	9	5510531	5510531
SeqId_3007_7	SIGLEC9	19	51124908	51124908
SeqId_3009_3	TGFBR3	1	91712363	91712363
SeqId_3024_18	SERPINF2	17	1742836	1742836
SeqId_3025_50	FGF2	4	122826708	122826708
SeqId_3028_36	CCL23	17	36013781	36013781
SeqId_3029_52	CD209	19	7747511	7747511
SeqId_3033_57	LGALS2	22	37580087	37580087
SeqId_3038_9	CXCL11	4	76036070	76036070
SeqId_3040_59	CCL3	17	36090134	36090134
SeqId_3041_55	MRC2	17	62627670	62627670
SeqId_3043_49	SPARC	5	151667584	151667584
SeqId_3044_3	CCL18	17	36064272	36064272
SeqId_3045_72	PTN	7	137343733	137343733
SeqId_3046_31	RETN	19	7669049	7669049
SeqId_3049_61	PRSS1	7	142749468	142749468
SeqId_3054_3	HP	16	72054505	72054505
SeqId_3059_50	TNFSF13B	13	108251240	108251240
SeqId_3060_43	C9	5	39364495	39364495
SeqId_3066_12	LGALS3	14	55124110	55124110
SeqId_3073_51	IL18BP	11	71998613	71998613
SeqId_3074_6	LBP	20	38346482	38346482
SeqId_3077_66	F10	13	113122799	113122799
SeqId_3079_62	RARRES2	7	150341629	150341629
SeqId_3132_1	VEGFC	4	176729592	176729592
SeqId_3143_3	CD4	12	6786858	6786858
SeqId_3148_49	CXCL2	4	74099195	74099195
SeqId_3151_6	IL2RA	10	6020339	6020339
SeqId_3152_57	TNFRSF1B	1	12166991	12166991
SeqId_3166_92	CD33	19	51225064	51225064
SeqId_3168_8	ADAMTS5	21	26965573	26965573
SeqId_3169_70	IDUA	4	986997	986997
SeqId_3171_57	APP	21	25897983	25897983
SeqId_3172_28	ARSB	5	78783494	78783494
SeqId_3173_49	NAAA	4	75921027	75921027
SeqId_3175_51	ADAMTS13	9	133414358	133414358
SeqId_3178_5	CTSC	11	88299755	88299755
SeqId_3179_51	CTSA	20	45890144	45890144
SeqId_3181_50	CTSS	1	150733062	150733062
SeqId_3182_38	ENTPD1	10	95711779	95711779
SeqId_3184_25	F7	13	113105788	113105788
SeqId_3186_2	C2	6	31897785	31897785
SeqId_3191_50	WFIKKN1	16	629239	629239
SeqId_3194_36	GP6	19	55018819	55018819
SeqId_3195_50	GNLY	2	85685175	85685175
SeqId_3196_6	HAPLN1	5	83673544	83673544
SeqId_3204_2	LTA4H	12	96011258	96011258
SeqId_3206_4	LYVE1	11	10568577	10568577
SeqId_3210_1	METAP1	4	98995659	98995659
SeqId_3212_30	ASAH2	10	50199146	50199146
SeqId_3213_65	NID1	1	236065090	236065090
SeqId_3216_2	PIGR	1	206931833	206931833
SeqId_3220_40	RET	10	43077064	43077064
SeqId_3221_54	SFRP1	8	41306990	41306990
SeqId_3232_28	ACP5	19	11576943	11576943
SeqId_3234_23	CCDC80	3	112610280	112610280
SeqId_3235_50	WFIKKN2	17	50834650	50834650
SeqId_3280_49	ACAN	15	88803436	88803436
SeqId_3283_21	TGFBI	5	136028988	136028988
SeqId_3285_23	C1R	12	7087844	7087844
SeqId_3290_50	CD109	6	73695785	73695785
SeqId_3291_30	FCER2	19	7699479	7699479
SeqId_3292_75	CD48	1	160711803	160711803
SeqId_3293_2	CD5L	1	157841808	157841808
SeqId_3296_92	CNTN2	1	205042937	205042937
SeqId_3298_52	CNTN4	3	2098813	2098813
SeqId_3299_29	CNTN5	11	99020949	99020949
SeqId_3302_58	CST7	20	24949269	24949269
SeqId_3305_6	DLL4	15	40929340	40929340
SeqId_3309_2	FCGR2A	1	161505430	161505430
SeqId_3310_62	FCGR2B	1	161663147	161663147
SeqId_3311_27	FCGR3B	1	161630250	161630250
SeqId_3313_21	FCN2	9	134880810	134880810
SeqId_3314_74	GFRA1	10	116272282	116272282
SeqId_3316_58	SERPIND1	22	20774113	20774113
SeqId_3320_49	IGFBP7	4	57065603	57065603
SeqId_3322_52	LRIG3	12	58874572	58874572
SeqId_3323_37	LRP8	1	53257291	53257291
SeqId_3324_51	LY9	1	160796074	160796074
SeqId_3325_2	MATN2	8	97868840	97868840
SeqId_3326_58	CADM1	11	115179111	115179111
SeqId_3327_27	NTN4	12	95665859	95665859
SeqId_3329_14	PGLYRP1	19	46023053	46023053
SeqId_3331_8	RGMB	5	98768650	98768650
SeqId_3336_50	TFPI	2	187496976	187496976
SeqId_3339_33	THBS2	6	169223440	169223440
SeqId_3340_53	THBS4	5	79991311	79991311
SeqId_3343_1	ACY1	3	51983340	51983340
SeqId_3344_60	SERPINC1	1	173914665	173914665
SeqId_3348_49	BMP1	8	22165140	22165140
SeqId_3352_80	CA6	1	8945867	8945867
SeqId_3363_31	CSK	15	74782057	74782057
SeqId_3364_76	CTSV	9	97039142	97039142
SeqId_3366_51	ECM1	1	150508062	150508062
SeqId_3367_8	FETUB	3	186635969	186635969
SeqId_3376_49	IL17RD	3	57142491	57142491
SeqId_3378_49	KLK7	19	50983815	50983815
SeqId_3381_24	LYN	8	55879835	55879835
SeqId_3389_7	SERPINA5	14	94561442	94561442
SeqId_3396_54	REN	1	204166337	204166337
SeqId_3403_1	TPSB2	16	1230162	1230162
SeqId_3405_6	UFC1	1	161152776	161152776
SeqId_3415_61	IBSP	4	87799554	87799554
SeqId_3419_49	CAMK2D	4	113513842	113513842
SeqId_3420_21	CA13	8	85220587	85220587
SeqId_3421_54	TNFSF8	9	114904308	114904308
SeqId_3431_54	EPHA1	7	143391391	143391391
SeqId_3435_53	FN1	2	215363640	215363640
SeqId_3438_10	FSTL3	19	676392	676392
SeqId_3440_7	GZMA	5	55102646	55102646
SeqId_3441_64	GSK3A	19	42232837	42232837
SeqId_3445_53	IL15RA	10	5960567	5960567
SeqId_3448_13	INSR	19	7123158	7123158
SeqId_3449_58	SERPINA4	14	94561442	94561442
SeqId_3453_87	LYN	8	55879835	55879835
SeqId_3457_57	POSTN	13	37565003	37565003
SeqId_3459_49	PDGFRB	5	150114958	150114958
SeqId_3461_58	BCAN	1	156641390	156641390
SeqId_3470_1	SELE	1	169732718	169732718
SeqId_3474_19	THBS1	15	39581079	39581079
SeqId_3481_87	XPNPEP1	10	109871032	109871032
SeqId_3484_60	AGT	1	230714122	230714122
SeqId_3488_64	CAT	11	34438934	34438934
SeqId_3495_15	CXCL6	4	73836640	73836640
SeqId_3499_77	IL17B	5	149374342	149374342
SeqId_3508_78	CCL22	16	57358783	57358783
SeqId_3516_60	CXCL12	10	44385043	44385043
SeqId_3518_54	CPB2	13	46105028	46105028
SeqId_3519_3	CCL17	16	57404767	57404767
SeqId_3520_58	TGFB3	14	75960957	75960957
SeqId_3535_84	DKK1	10	52314281	52314281
SeqId_3538_26	DDC	7	50459684	50459684
SeqId_3554_24	ADIPOQ	3	186842704	186842704
SeqId_3580_25	SERPINA1	14	94383246	94383246
SeqId_3581_53	AHSG	3	186613060	186613060
SeqId_3587_53	BMP10	2	68871397	68871397
SeqId_3593_72	CASP3	4	184648592	184648592
SeqId_3600_2	CHIT1	1	203218021	203218021
SeqId_3605_77	MASP1	3	187243585	187243585
SeqId_3607_71	DKK3	11	11968746	11968746
SeqId_3616_3	GNS	12	64729154	64729154
SeqId_3617_80	HGFAC	4	3441887	3441887
SeqId_3622_33	LGMN	14	92704905	92704905
SeqId_3623_84	LY86	6	6588108	6588108
SeqId_3640_14	LRPAP1	4	3532149	3532149
SeqId_3651_50	KDR	4	55096720	55096720
SeqId_3710_49	PLG	6	160702238	160702238
SeqId_3727_35	PYY	17	43953940	43953940
SeqId_3728_52	SCT	11	627181	627181
SeqId_3773_15	TEK	9	27109141	27109141
SeqId_3796_79	ANGPTL4	19	8363289	8363289
SeqId_3797_1	CDH2	18	28036585	28036585
SeqId_3799_11	CA3	8	85373436	85373436
SeqId_3803_10	CST5	20	23879748	23879748
SeqId_3805_16	ESM1	5	54985593	54985593
SeqId_3806_55	EPHA5	4	65669935	65669935
SeqId_3807_1	FGF23	12	4374408	4374408
SeqId_3813_3	FYN	6	111676544	111676544
SeqId_3815_14	IL12RB2	1	67307364	67307364
SeqId_3820_68	MAPKAPK2	1	206684944	206684944
SeqId_3844_2	PPIA	7	44796680	44796680
SeqId_3852_19	DNAJB1	19	14517569	14517569
SeqId_3853_56	MDH1	2	63588609	63588609
SeqId_3855_56	PRDX1	1	45521854	45521854
SeqId_3858_5	ACP1	2	264140	264140
SeqId_3866_7	SBDS	7	66994366	66994366
SeqId_3872_2	TPT1	13	45339533	45339533
SeqId_3889_64	LMNB1	5	126776623	126776623
SeqId_3894_15	NAGK	2	71064344	71064344
SeqId_3905_62	UBE2N	12	93407323	93407323
SeqId_4124_24	HSPA1A	6	31815543	31815543
SeqId_4125_52	AGER	6	32181635	32181635
SeqId_4126_22	BPI	20	38304150	38304150
SeqId_4127_75	C6	5	41155104	41155104
SeqId_4129_72	CFB	6	31945650	31945650
SeqId_4133_54	GZMB	14	24634160	24634160
SeqId_4141_79	CXCL10	4	76023497	76023497
SeqId_4145_58	NTF3	12	5432108	5432108
SeqId_4146_58	NTF4	19	49061997	49061997
SeqId_4151_6	PLG	6	160702238	160702238
SeqId_4152_58	KLKB1	4	186208979	186208979
SeqId_4153_11	SERPINA3	14	94612384	94612384
SeqId_4154_57	SELP	1	169591570	169591570
SeqId_4155_3	TNC	9	115035896	115035896
SeqId_4157_2	F2	11	46719196	46719196
SeqId_4158_54	PLAU	10	73909177	73909177
SeqId_4159_130	CFH	1	196652043	196652043
SeqId_4160_49	MMP2	16	55389700	55389700
SeqId_4162_54	TF	3	133746040	133746040
SeqId_4179_57	YWHAG	7	76358991	76358991
SeqId_4187_49	PGD	1	10398592	10398592
SeqId_4188_1	AKR7A2	1	19308505	19308505
SeqId_4192_10	AKR1A1	1	45550543	45550543
SeqId_4209_60	VTA1	6	142147162	142147162
SeqId_4220_39	FER	5	108747841	108747841
SeqId_4230_1	EIF4G2	11	10799361	10799361
SeqId_4232_19	IGF1R	15	98648539	98648539
SeqId_4234_8	IL1RL1	2	102311502	102311502
SeqId_4240_31	PKM2	15	72202053	72202053
SeqId_4249_64	NME2	17	51165435	51165435
SeqId_4250_23	NSFL1C	20	1457090	1457090
SeqId_4254_6	NUDCD3	7	44392508	44392508
SeqId_4276_10	PEBP1	12	118136124	118136124
SeqId_4278_14	P4HB	17	81845456	81845456
SeqId_4292_5	NAPA	19	47491475	47491475
SeqId_4294_16	SPHK1	17	76376584	76376584
SeqId_4297_62	SPON1	11	13962723	13962723
SeqId_4309_59	TPI1	12	6867119	6867119
SeqId_4324_33	CST2	20	23826729	23826729
SeqId_4328_2	BOC	3	113211003	113211003
SeqId_4332_6	CLEC1B	12	9997163	9997163
SeqId_4337_49	CRP	1	159713767	159713767
SeqId_4342_10	ICAM1	19	10271093	10271093
SeqId_4355_13	DAPK2	15	63911943	63911943
SeqId_4374_45	GDF15	19	18374731	18374731
SeqId_4407_10	MST1	3	49685090	49685090
SeqId_4413_3	SLPI	20	45254564	45254564
SeqId_4430_44	COLEC11	2	3594832	3594832
SeqId_4435_66	ENPP7	17	79730943	79730943
SeqId_4437_56	ENTPD5	14	73972934	73972934
SeqId_4440_15	FCRL3	1	157676732	157676732
SeqId_4455_89	MFGE8	15	88901960	88901960
SeqId_4459_68	PCSK7	11	117208136	117208136
SeqId_4467_49	SPARCL1	4	87528619	87528619
SeqId_4469_78	CHST15	10	124038619	124038619
SeqId_4479_14	SERPING1	11	57597387	57597387
SeqId_4480_59	C3	19	6678330	6678330
SeqId_4487_1	FGF7	15	49423178	49423178
SeqId_4496_60	MMP12	11	102874982	102874982
SeqId_4498_62	NCAM1	11	112961247	112961247
SeqId_4499_21	PDGFA	7	513467	513467
SeqId_4500_50	CLEC11A	19	50723364	50723364
SeqId_4534_10	PRSS22	16	2855933	2855933
SeqId_4535_50	BST1	4	15703065	15703065
SeqId_4541_49	CDON	11	126004445	126004445
SeqId_4546_27	ADGRE2	19	14772374	14772374
SeqId_4548_4	FUT3	19	5847034	5847034
SeqId_4549_78	FUT5	19	5867741	5867741
SeqId_4559_64	KYNU	2	142877657	142877657
SeqId_4563_61	PLCG1	20	41136960	41136960
SeqId_4564_2	PLXNC1	12	94148577	94148577
SeqId_4568_17	SLITRK5	13	87672615	87672615
SeqId_4706_17	EPB41	1	28887091	28887091
SeqId_4707_50	YWHAH	22	31944522	31944522
SeqId_4719_58	PDIA3	15	43746410	43746410
SeqId_4763_31	AFM	4	73481745	73481745
SeqId_4771_10	SMPDL3A	6	122789049	122789049
SeqId_4775_34	GSN	9	121207794	121207794
SeqId_4801_13	LPO	17	58218548	58218548
SeqId_4811_33	ITIH4	3	52814212	52814212
SeqId_4831_4	SELL	1	169703329	169703329
SeqId_4834_61	EPHA2	1	16133562	16133562
SeqId_4840_73	CSF3	17	40015361	40015361
SeqId_4866_59	NTRK2	9	84668551	84668551
SeqId_4867_15	VEGFA	6	43770184	43770184
SeqId_4874_3	ANG	14	20684177	20684177
SeqId_4878_3	F10	13	113122799	113122799
SeqId_4886_3	CCL7	17	34270221	34270221
SeqId_4906_35	F5	1	169515745	169515745
SeqId_4908_6	ENG	9	127824405	127824405
SeqId_4911_49	GSTP1	11	67583742	67583742
SeqId_4913_78	CCL16	17	35978263	35978263
SeqId_4922_13	CCL19	9	34690238	34690238
SeqId_4924_32	MMP1	11	102798160	102798160
SeqId_4925_54	MMP13	11	102955705	102955705
SeqId_4929_55	SHBG	17	7613946	7613946
SeqId_4930_21	STC1	8	23854311	23854311
SeqId_4960_72	ANXA1	9	73151865	73151865
SeqId_4961_17	ANXA2	15	60351553	60351553
SeqId_4962_52	CDNF	10	14828205	14828205
SeqId_4964_67	ERAP1	5	96781181	96781181
SeqId_4968_50	CAPG	2	85398352	85398352
SeqId_4969_2	CA1	8	85337212	85337212
SeqId_4971_1	CTSZ	20	59006426	59006426
SeqId_4976_57	CRK	17	1456149	1456149
SeqId_4979_34	DPT	1	168729206	168729206
SeqId_4981_6	DSC3	18	31006918	31006918
SeqId_4982_54	PI3	20	45174902	45174902
SeqId_4984_83	ESD	13	46784350	46784350
SeqId_4989_7	FGG	4	154609843	154609843
SeqId_4990_87	GP1BA	17	4932277	4932277
SeqId_4991_12	GPC5	13	91398621	91398621
SeqId_4992_49	GRN	17	44345246	44345246
SeqId_4996_66	HRG	3	186660216	186660216
SeqId_5000_52	LGALS3BP	17	78974796	78974796
SeqId_5005_4	MAPK12	22	50256153	50256153
SeqId_5006_71	MAPK13	6	36127809	36127809
SeqId_5007_1	MAPK14	6	36027677	36027677
SeqId_5012_67	AK1	9	127872713	127872713
SeqId_5013_2	CLIC1	6	31736545	31736545
SeqId_5015_15	PLA2G7	6	46735375	46735375
SeqId_5018_68	PRDX6	1	173477330	173477330
SeqId_5021_13	PPA1	10	70210250	70210250
SeqId_5023_23	ADSL	22	40346500	40346500
SeqId_5029_3	FAP	2	162173781	162173781
SeqId_5034_79	PRSS2	7	142760398	142760398
SeqId_5036_50	TNFAIP6	2	151357592	151357592
SeqId_5060_62	CD274	9	5450503	5450503
SeqId_5061_27	ICOSLG	21	44230089	44230089
SeqId_5063_12	CD244	1	160839165	160839165
SeqId_5066_134	CD300C	17	74546115	74546115
SeqId_5069_9	CD55	1	207321376	207321376
SeqId_5070_76	TNFRSF6B	20	63696652	63696652
SeqId_5076_53	EPHA10	1	37715020	37715020
SeqId_5078_82	EPHB6	7	142855061	142855061
SeqId_5085_18	IL20RA	6	137044248	137044248
SeqId_5087_5	IL22RA2	6	137173644	137173644
SeqId_5088_175	IL23R	1	67138907	67138907
SeqId_5089_11	IL7R	5	35852695	35852695
SeqId_5090_49	LILRB1	19	54617158	54617158
SeqId_5091_28	LILRB2	19	54278544	54278544
SeqId_5092_51	JAG1	20	10641276	10641276
SeqId_5095_21	KIR2DL4	19	54803535	54803535
SeqId_5102_55	MICB	6	31494881	31494881
SeqId_5103_30	CD200R1	3	112974912	112974912
SeqId_5105_2	RTN4R	22	20243684	20243684
SeqId_5107_7	NOTCH1	9	136504845	136504845
SeqId_5108_72	NOTCH3	19	15165967	15165967
SeqId_5109_24	NRCAM	7	108156637	108156637
SeqId_5112_73	CD200	3	112332347	112332347
SeqId_5121_3	SEMA6B	19	4546469	4546469
SeqId_5124_69	ICAM5	19	10289952	10289952
SeqId_5128_53	SLAMF6	1	160523242	160523242
SeqId_5129_12	SCARF1	17	1640557	1640557
SeqId_5131_15	TNFRSF19	13	23570370	23570370
SeqId_5132_71	IL27RA	19	14031762	14031762
SeqId_5134_52	HAVCR2	5	157107283	157107283
SeqId_5139_32	UNC5C	4	95335632	95335632
SeqId_5202_4	PPID	4	158710821	158710821
SeqId_5223_59	GCKR	2	27496839	27496839
SeqId_5229_90	IMPDH1	7	128395171	128395171
SeqId_5231_79	PCSK9	1	55039447	55039447
SeqId_5238_26	PPIE	1	39692182	39692182
SeqId_5248_68	PPIF	10	79347469	79347469
SeqId_5256_86	PDE5A	4	119505935	119505935
SeqId_5272_55	SHC1	1	154965762	154965762
SeqId_5275_28	VAV1	19	6772708	6772708
SeqId_5301_7	CCL11	17	34285742	34285742
SeqId_5312_49	APOE	19	44905791	44905791
SeqId_5316_54	F2	11	46719196	46719196
SeqId_5339_49	S100A9	1	153357854	153357854
SeqId_5346_24	CPNE1	20	35626853	35626853
SeqId_5349_69	DLL1	6	170291078	170291078
SeqId_5350_14	GPC6	13	93226807	93226807
SeqId_5353_89	IL1RN	2	113107214	113107214
SeqId_5355_69	TNFSF14	19	6670117	6670117
SeqId_5358_3	OMD	9	92424461	92424461
SeqId_5363_51	SEMA3E	7	83462160	83462160
SeqId_5392_73	FAS	10	88990531	88990531
SeqId_5400_52	LEPR	1	65420652	65420652
SeqId_5404_53	TNFRSF21	6	47309905	47309905
SeqId_5430_66	SIRPA	20	1894167	1894167
SeqId_5451_1	ALCAM	3	105366909	105366909
SeqId_5452_71	ASGR1	17	7177046	7177046
SeqId_5456_59	CNDP1	18	74534500	74534500
SeqId_5457_5	COLEC12	18	317366	317366
SeqId_5459_33	CST1	20	23750937	23750937
SeqId_5460_60	DDX19B	16	70289663	70289663
SeqId_5462_62	FCN3	1	27373678	27373678
SeqId_5463_22	GAS1	9	86947506	86947506
SeqId_5464_52	GRB2	17	75321753	75321753
SeqId_5465_32	HS6ST1	2	128290196	128290196
SeqId_5475_10	PRKCB	16	23835983	23835983
SeqId_5478_50	FOLH1	11	49156753	49156753
SeqId_5480_49	CCL5	17	35880360	35880360
SeqId_5483_1	RGMA	15	93058841	93058841
SeqId_5487_7	SLAMF7	1	160739057	160739057
SeqId_5491_12	SPOCK2	10	72068865	72068865
SeqId_5509_7	EGF	4	109912883	109912883
SeqId_5532_53	FGFR1	8	38401683	38401683
SeqId_5542_22	NRP1	10	33185655	33185655
SeqId_5581_28	FGL1	8	17874665	17874665
SeqId_5584_21	TCN2	22	30607003	30607003
SeqId_5586_66	MINPP1	10	87504875	87504875
SeqId_5593_11	PDIA5	3	123067025	123067025
SeqId_5598_3	GREM2	1	240612155	240612155
SeqId_5601_2	PGLYRP2	19	15479501	15479501
SeqId_5605_77	MFNG	22	37472724	37472724
SeqId_5609_92	FAM19A5	22	48489460	48489460
SeqId_5618_50	FAM3B	21	41304212	41304212
SeqId_5620_13	PAM	5	102753981	102753981
SeqId_5621_64	THSD1	13	52406172	52406172
SeqId_5628_21	SEMA3G	3	52444969	52444969
SeqId_5630_48	CD300A	17	74466399	74466399
SeqId_5631_83	MLN	6	33803980	33803980
SeqId_5632_6	CRTAC1	10	97884242	97884242
SeqId_5634_39	POFUT1	20	32207880	32207880
SeqId_5636_10	MFAP4	17	19384229	19384229
SeqId_5637_81	NTNG1	1	107140007	107140007
SeqId_5638_23	COLGALT1	19	17555649	17555649
SeqId_5644_60	RNASE4	14	20684560	20684560
SeqId_5646_20	RNASE6	14	20781268	20781268
SeqId_5648_28	CTRB2	16	75205795	75205795
SeqId_5649_83	PSG4	19	43194886	43194886
SeqId_5651_50	PSG7	19	42927577	42927577
SeqId_5656_53	ENDOU	12	47717879	47717879
SeqId_5657_28	ST3GAL1	8	133475934	133475934
SeqId_5658_64	F13B	1	197050845	197050845
SeqId_5660_51	SOD3	4	24789912	24789912
SeqId_5663_18	PF4V1	4	73853296	73853296
SeqId_5671_1	CTRB1	16	75218988	75218988
SeqId_5676_54	ASIP	20	34194569	34194569
SeqId_5680_54	OBP2B	9	133209227	133209227
SeqId_5682_13	VASN	16	4371848	4371848
SeqId_5687_5	PRKCSH	19	11435288	11435288
SeqId_5688_65	CBLN4	20	56005519	56005519
SeqId_5691_2	CRISPLD2	16	84819985	84819985
SeqId_5698_60	TNXB	6	32043452	32043452
SeqId_5701_81	CLEC3B	3	45001548	45001548
SeqId_5703_26	OLFM1	9	135075422	135075422
SeqId_5704_74	GZMM	19	544034	544034
SeqId_5708_1	LEAP2	5	132873444	132873444
SeqId_5713_9	IFNL3	19	39245006	39245006
SeqId_5722_78	PRCP	11	82831438	82831438
SeqId_5727_35	B3GALTL	13	31199975	31199975
SeqId_5728_60	FCRL1	1	157797820	157797820
SeqId_5731_1	SPINK6	5	148202794	148202794
SeqId_5736_1	TREML2	6	41201149	41201149
SeqId_5737_61	SEMA4D	9	89364651	89364651
SeqId_5740_17	ROBO1	3	78607289	78607289
SeqId_5742_14	ACP6	1	147650682	147650682
SeqId_5749_53	CLPS	6	35796850	35796850
SeqId_5792_8	AFP	4	73431138	73431138
SeqId_5803_24	C3	19	6678330	6678330
SeqId_5810_25	TDGF1	3	46574534	46574534
SeqId_5813_58	EPO	7	100720468	100720468
SeqId_5825_49	IFNGR1	6	137219028	137219028
SeqId_5834_18	IL9	5	135895841	135895841
SeqId_5837_49	LIFR	5	38489245	38489245
SeqId_5852_6	S100A12	1	153375621	153375621
SeqId_5858_6	YWHAZ	8	100924988	100924988
SeqId_5888_29	EIF5A	17	7306999	7306999
SeqId_5900_11	HINT1	5	131162627	131162627
SeqId_5918_5	PSME1	14	24136163	24136163
SeqId_5939_42	TNFSF12	17	7549058	7549058
SeqId_5963_9	DMKN	19	35497933	35497933
SeqId_5980_55	BOLA3	2	74145508	74145508
SeqId_6039_24	CRHBP	5	76953045	76953045
SeqId_6049_64	PTPRS	19	5220016	5220016
SeqId_6060_2	PIP	7	143132077	143132077
SeqId_6077_63	CECR1	22	17188727	17188727
SeqId_6081_52	PCOLCE2	3	142829731	142829731
SeqId_6086_15	CHRDL2	11	74697694	74697694
SeqId_6207_10	PSAP	10	71819271	71819271
SeqId_6223_5	GUCA2B	1	42153410	42153410
SeqId_6227_1	KLK10	19	51017322	51017322
SeqId_6234_74	VIT	2	36696690	36696690
SeqId_6245_4	PVRL2	19	44846175	44846175
SeqId_6247_9	SIRPB1	20	1571912	1571912
SeqId_6252_62	SCGB3A1	5	180591163	180591163
SeqId_6255_74	CPXM1	20	2800627	2800627
SeqId_6342_10	NPNT	4	105894775	105894775
SeqId_6359_50	POMGNT2	3	43105939	43105939
SeqId_6364_7	TAPBPL	12	6451690	6451690
SeqId_6366_38	TXNDC15	5	134873803	134873803
SeqId_6367_66	FMOD	1	203351086	203351086
SeqId_6373_54	DLK1	14	100725705	100725705
SeqId_6375_75	XXYLT1	3	195087372	195087372
SeqId_6379_62	ADAMTSL2	9	133532164	133532164
SeqId_6382_17	MANBA	4	102650838	102650838
SeqId_6383_90	TLL1	4	165873237	165873237
SeqId_6385_63	VWA1	1	1434861	1434861
SeqId_6388_21	CCDC126	7	23597382	23597382
SeqId_6392_7	WISP2	20	44714844	44714844
SeqId_6393_63	HSP90B1	12	103930107	103930107
SeqId_6402_8	PILRA	7	100367530	100367530
SeqId_6404_20	C1QL1	17	44968303	44968303
SeqId_6408_2	INHBC	12	57434784	57434784
SeqId_6409_57	ADGRF5	6	46863304	46863304
SeqId_6414_8	OAF	11	120211032	120211032
SeqId_6415_90	CPN2	3	194351318	194351318
SeqId_6416_8	GKN2	2	68952880	68952880
SeqId_6425_87	MMP19	12	55840034	55840034
SeqId_6431_68	PCYOX1	2	70257386	70257386
SeqId_6433_57	FAM20A	17	68540577	68540577
SeqId_6444_15	PSG3	19	42739372	42739372
SeqId_6448_36	SEMA3C	7	80798238	80798238
SeqId_6451_64	ASPN	9	92482353	92482353
SeqId_6455_52	HAPLN4	19	19261683	19261683
SeqId_6461_54	APOC3	11	116829706	116829706
SeqId_6462_12	TIMP4	3	12158912	12158912
SeqId_6467_65	POGLUT1	3	119468963	119468963
SeqId_6470_19	FBLN1	22	45502238	45502238
SeqId_6471_53	CFHR4	1	196888014	196888014
SeqId_6472_40	PMEL	12	55956539	55956539
SeqId_6478_2	IGLON5	19	51311848	51311848
SeqId_6485_59	IGLL1	22	23580239	23580239
SeqId_6491_59	KLK15	19	50827151	50827151
SeqId_6493_9	CPZ	4	8592660	8592660
SeqId_6496_60	DLK1	14	100725705	100725705
SeqId_6504_65	LOXL2	8	23320005	23320005
SeqId_6507_16	NCAM2	21	20998409	20998409
SeqId_6520_87	MGP	12	14884245	14884245
SeqId_6521_35	NPTX2	7	98617285	98617285
SeqId_6525_17	DUSP13	10	75097884	75097884
SeqId_6527_1	TRIL	7	28958330	28958330
SeqId_6530_63	PROL1	4	70397931	70397931
SeqId_6544_33	NELL1	11	20669551	20669551
SeqId_6551_94	SERPINA12	14	94504222	94504222
SeqId_6556_5	ENPP5	6	46167551	46167551
SeqId_6557_50	LRRC15	3	194369731	194369731
SeqId_6558_5	COLEC10	8	118995452	118995452
SeqId_6574_11	FAIM3	1	206909945	206909945
SeqId_6576_1	ART4	12	14843062	14843062
SeqId_6593_5	GALNT3	2	165761907	165761907
SeqId_6604_59	NDNF	4	121038984	121038984
SeqId_6605_17	IGFALS	16	1793732	1793732
SeqId_6609_22	CNP	17	41966763	41966763
SeqId_6617_12	FCRL6	1	159800511	159800511
SeqId_6620_82	LINGO1	15	77632490	77632490
SeqId_6626_81	CHST12	7	2403588	2403588
SeqId_6627_25	PNLIPRP1	10	116590385	116590385
SeqId_6629_3	DEFB1	8	6877936	6877936
SeqId_6649_51	NTN1	17	9021510	9021510
SeqId_6706_18	ALPPL2	2	232406844	232406844
SeqId_6713_4	LRP11	6	149836199	149836199
SeqId_6715_63	ALPPL2	2	232406844	232406844
SeqId_6897_38	B3GAT3	11	62617454	62617454
SeqId_6904_14	LRRTM2	5	138875304	138875304
SeqId_6909_40	MGAT2	14	49620799	49620799
SeqId_6919_3	HBZ	16	142728	142728
SeqId_6920_1	GFRAL	6	55327469	55327469
SeqId_6923_1	PLOD2	3	146071170	146071170
SeqId_6925_26	SNX8	7	2257618	2257618
SeqId_6927_7	NDST1	5	150485818	150485818
SeqId_6930_95	ST8SIA6	10	17327109	17327109
SeqId_6947_4	ST3GAL6	3	98732236	98732236
SeqId_6955_68	SNX1	15	64094123	64094123
SeqId_6965_19	CNTNAP2	7	146116002	146116002
SeqId_6969_14	WFDC5	20	45115162	45115162
SeqId_6984_6	IGSF8	1	160095332	160095332
SeqId_6986_17	HS3ST3B1	17	14301081	14301081
SeqId_6998_106	ASPH	8	61526086	61526086
SeqId_7009_8	CD72	9	35618353	35618353
SeqId_7015_8	LILRB5	19	54257245	54257245
SeqId_7019_13	SEMA7A	15	74411639	74411639
SeqId_7049_2	ADAM23	2	206443532	206443532
SeqId_7050_5	NEGR1	1	71439838	71439838
SeqId_7059_14	LILRA6	19	54242751	54242751
SeqId_7060_2	ERO1L	14	52646410	52646410
SeqId_7073_69	C22orf15	22	23763021	23763021
SeqId_7081_2	BTN3A1	6	26402237	26402237
SeqId_7083_74	MATN4	20	45305591	45305591
SeqId_7090_17	GALNT1	18	35581117	35581117
SeqId_7096_30	RMDN1	8	86474914	86474914
SeqId_7110_2	DNAJB11	3	186567403	186567403
SeqId_7128_9	VWA2	10	114239254	114239254
SeqId_7140_1	CELA2A	1	15456728	15456728
SeqId_7141_21	MGAT4B	5	179798835	179798835
SeqId_7145_1	ITIH3	3	52794768	52794768
SeqId_7156_2	FUT10	8	33377556	33377556
SeqId_7161_25	H6PD	1	9234775	9234775
SeqId_7173_141	TMEM132C	12	128267403	128267403
SeqId_7179_69	NFASC	1	204828651	204828651
SeqId_7185_29	GP5	3	194398354	194398354
SeqId_7192_37	IFNLR1	1	24187248	24187248
SeqId_7198_197	FAM20B	1	179025804	179025804
SeqId_7206_20	FBP1	9	94638413	94638413
SeqId_7208_60	MGAT4C	12	86049723	86049723
SeqId_7210_25	APLP1	19	35867899	35867899
SeqId_7211_2	RNASE1	14	20802406	20802406
SeqId_7218_87	ATP1B2	17	7646627	7646627
SeqId_7227_75	COCH	14	30874514	30874514
SeqId_7228_2	ST6GALNAC6	9	127897408	127897408
SeqId_7244_16	IGFLR1	19	35740549	35740549
SeqId_7246_4	FREM2	13	38687077	38687077
SeqId_7251_64	C1QTNF3	5	34024418	34024418
SeqId_7258_5	PRG2	11	57390629	57390629
SeqId_7266_4	SERPINA9	14	94475985	94475985
SeqId_7551_33	LRRC32	11	76665971	76665971
SeqId_7628_40	CRELD1	3	9933816	9933816
SeqId_7648_9	MYBPC1	12	101568353	101568353
SeqId_7655_11	NPPB	1	11858945	11858945
SeqId_7738_299	STX2	12	130801460	130801460
SeqId_7753_21	HTATIP2	11	20363685	20363685
SeqId_7757_5	HLA-DQA2	6	32741391	32741391
SeqId_7761_125	CHKB	22	50580253	50580253
SeqId_7769_29	SH3BP2	4	2793071	2793071
SeqId_7770_25	NFU1	2	69415299	69415299
SeqId_7779_86	CHST11	12	104455295	104455295
SeqId_7784_1	KNG1	3	186717348	186717348
SeqId_7787_25	LILRA5	19	54311663	54311663
SeqId_7803_4	CHST1	11	45649634	45649634
SeqId_7806_33	B4GALT7	5	177600132	177600132
SeqId_7808_5	GLCE	15	69160584	69160584
SeqId_7810_20	C1QTNF5	11	119340567	119340567
SeqId_7813_6	ALPP	2	232378724	232378724
SeqId_7815_49	IGFBPL1	9	38424454	38424454
SeqId_7822_11	HRASLS2	11	63563379	63563379
SeqId_7841_84	ESAM	11	124757529	124757529
SeqId_7849_3	QPCT	2	37342827	37342827
SeqId_7852_9	MTIF3	13	27440475	27440475
SeqId_7856_51	FAM151A	1	54623525	54623525
SeqId_7861_9	ROR2	9	91775781	91775781
SeqId_7866_11	DNAJC30	7	73683453	73683453
SeqId_7871_16	TMEM132A	11	60924463	60924463
SeqId_7875_86	PLEK	2	68365282	68365282
SeqId_7891_45	UGT1A6	2	233691607	233691607
SeqId_7905_30	HP	16	72054505	72054505
SeqId_7916_10	S100A7	1	153459874	153459874
SeqId_7918_114	AMY1A	1	103655290	103655290
SeqId_7921_65	FJX1	11	35618460	35618460
SeqId_7922_5	ADM	11	10305073	10305073
SeqId_7926_13	SPINT3	20	45515622	45515622
SeqId_7928_183	TPST1	7	66205317	66205317
SeqId_7933_75	ADAM22	7	87934143	87934143
SeqId_7945_10	SEMA6A	5	116449646	116449646
SeqId_7948_129	GLTPD2	17	4788964	4788964
SeqId_7950_142	BTNL9	5	181040225	181040225
SeqId_7953_20	SLAMF1	1	160646958	160646958
SeqId_7955_195	ITIH1	3	52777595	52777595
SeqId_7957_2	SCG3	15	51681492	51681492
SeqId_7968_15	CRTAM	11	122838500	122838500
SeqId_7970_315	ART3	4	76011184	76011184
SeqId_7980_72	B3GNT2	2	62196115	62196115
SeqId_7994_41	ERO1LB	1	236226495	236226495
SeqId_7999_23	ENTPD1	10	95711779	95711779
SeqId_8005_1	MXRA7	17	76688705	76688705
SeqId_8006_12	DNAJB12	10	72336865	72336865
SeqId_8007_19	CTSB	8	11845793	11845793
SeqId_8013_9	LMAN2L	2	96711914	96711914
SeqId_8014_359	MANEA	6	95577535	95577535
SeqId_8024_64	TPST2	22	26540871	26540871
SeqId_8028_22	SPINK5	5	148025683	148025683
SeqId_8039_41	FAM177A1	14	35044907	35044907
SeqId_8043_153	COMP	19	18787035	18787035
SeqId_8065_245	PATE4	11	125833316	125833316
SeqId_8068_43	KIAA1161	9	34372832	34372832
SeqId_8080_24	MSMP	9	35754276	35754276
SeqId_8097_77	LIPN	10	88761406	88761406
SeqId_8099_42	SPON2	4	1171070	1171070
SeqId_8221_19	MIF	22	23894383	23894383
SeqId_8225_86	EPHB2	1	22710839	22710839
SeqId_8229_1	GXYLT1	12	42144712	42144712
SeqId_8233_2	ITIH5	10	7570400	7570400
SeqId_8235_48	CHGB	20	5911510	5911510
SeqId_8237_56	SOSTDC1	7	16465738	16465738
SeqId_8243_55	SPINK1	5	147828130	147828130
SeqId_8244_16	FUT8	14	65410592	65410592
SeqId_8245_27	ICAM5	19	10289952	10289952
SeqId_8248_222	SIGLEC14	19	51645577	51645577
SeqId_8250_2	PTPRJ	11	47980558	47980558
SeqId_8252_2	NOTUM	17	81959810	81959810
SeqId_8255_34	MRVI1	11	10594023	10594023
SeqId_8258_22	UXS1	2	106097710	106097710
SeqId_8265_225	TMPO	12	98515512	98515512
SeqId_8268_98	HS3ST3A1	17	13556043	13556043
SeqId_8269_327	ARSK	5	95555101	95555101
SeqId_8274_64	STX7	6	132513065	132513065
SeqId_8275_31	PEAR1	1	156893698	156893698
SeqId_8288_27	APOH	17	66220630	66220630
SeqId_8289_8	GPNMB	7	23235967	23235967
SeqId_8296_117	KDELC2	11	108482058	108482058
SeqId_8297_8	DNAJC10	2	182716041	182716041
SeqId_8299_66	LILRA4	19	54337448	54337448
SeqId_8300_82	PEX14	1	10472288	10472288
SeqId_8304_50	TNFRSF11B	8	118929073	118929073
SeqId_8307_47	C11orf68	11	65918360	65918360
SeqId_8309_12	HYAL1	3	50303572	50303572
SeqId_8325_37	ADH4	4	99136537	99136537
SeqId_8327_26	DPEP2	16	67993863	67993863
SeqId_8336_267	GRAMD1C	3	113828182	113828182
SeqId_8337_65	PTPRU	1	29236516	29236516
SeqId_8345_27	GPX7	1	52602371	52602371
SeqId_8346_9	DPP7	9	137112215	137112215
SeqId_8351_17	PRSS57	19	695461	695461
SeqId_8356_88	OXT	20	3071620	3071620
SeqId_8358_30	PRDX3	10	119170988	119170988
SeqId_8360_169	NCR1	19	54906148	54906148
SeqId_8364_74	UST	6	148747030	148747030
SeqId_8368_102	TNFRSF1B	1	12166991	12166991
SeqId_8376_25	LHB	19	49016820	49016820
SeqId_8394_56	RNASE2	14	20955487	20955487
SeqId_8397_147	QSOX2	9	136224877	136224877
SeqId_8398_277	RARRES1	3	158705708	158705708
SeqId_8403_18	FASN	17	82079378	82079378
SeqId_8427_118	RSPO3	6	127118671	127118671
SeqId_8428_102	NTM	11	131370478	131370478
SeqId_8458_111	SNCA	4	89771957	89771957
SeqId_8464_31	RSPO4	20	1002264	1002264
SeqId_8465_52	CTSH	15	78926904	78926904
SeqId_8468_19	KLK3	19	50854915	50854915
SeqId_8469_41	IGFBP2	2	216632828	216632828
SeqId_8476_11	CHGA	14	92923150	92923150
SeqId_8479_4	MMP10	11	102780628	102780628
SeqId_8480_29	EFEMP1	2	55917780	55917780
SeqId_8606_39	GPNMB	7	23235967	23235967
SeqId_8660_5	OLFML3	1	113979391	113979391
SeqId_8664_36	PKDCC	2	42048021	42048021
SeqId_8687_26	TMEM106B	7	12211270	12211270
SeqId_8696_15	GAL3ST1	22	30557586	30557586
SeqId_8697_38	GPC1	2	240435663	240435663
SeqId_8759_29	A4GALT	22	42694986	42694986
SeqId_8766_29	LILRA5	19	54311663	54311663
SeqId_8773_172	EMILIN3	20	41366818	41366818
SeqId_8778_3	NOG	17	56593699	56593699
SeqId_8786_6	FAM171B	2	186694060	186694060
SeqId_8794_13	DPEP1	16	89613308	89613308
SeqId_8795_48	TFRC	3	196055214	196055214
SeqId_8814_33	PSAPL1	4	7434930	7434930
SeqId_8840_61	C1S	12	6988259	6988259
SeqId_8841_65	CILP2	19	19538248	19538248
SeqId_8842_16	GRAMD1C	3	113828182	113828182
SeqId_8859_51	CA11	19	48638385	48638385
SeqId_8866_53	QPCTL	19	45692666	45692666
SeqId_8869_5	BTN2A1	6	26457904	26457904
SeqId_8874_53	CLN5	13	76990660	76990660
SeqId_8885_6	CACNA2D3	3	54122547	54122547
SeqId_8890_9	TMEM132B	12	125186836	125186836
SeqId_8892_14	PEAR1	1	156893698	156893698
SeqId_8894_80	HNRNPAB	5	178204533	178204533
SeqId_8900_28	NEO1	15	73051710	73051710
SeqId_8916_32	STIM1	11	3854527	3854527
SeqId_8923_94	GALNT16	14	69259277	69259277
SeqId_8925_25	RRM2B	8	102214229	102214229
SeqId_8932_1	ENTPD6	20	25195693	25195693
SeqId_8953_47	HDGF	1	156744276	156744276
SeqId_8956_96	SCARF2	22	20429926	20429926
SeqId_8957_72	ERLEC1	2	53787044	53787044
SeqId_8958_51	CHL1	3	196763	196763
SeqId_8960_3	ERAP2	5	96875986	96875986
SeqId_8963_8	VTI1B	14	67659791	67659791
SeqId_8969_49	CD14	5	140633175	140633175
SeqId_8970_9	RIPK2	8	89757806	89757806
SeqId_8973_23	FCRL4	1	157580537	157580537
SeqId_8974_172	COL15A1	9	98943179	98943179
SeqId_8982_65	THBS3	1	155196442	155196442
SeqId_8983_7	GOLM1	9	86036813	86036813
SeqId_8989_40	SCUBE1	22	43262799	43262799
SeqId_8992_1	TMEM2	9	71687428	71687428
SeqId_9002_36	SERPINA11	14	94452800	94452800
SeqId_9005_16	PLXNA1	3	126988594	126988594
SeqId_9015_1	PRG3	11	57381150	57381150
SeqId_9017_58	LCT	2	135812959	135812959
SeqId_9018_38	PCDH10	4	133149294	133149294
SeqId_9021_1	HAVCR1	5	157049149	157049149
SeqId_9026_40	BTNL8	5	180899077	180899077
SeqId_9076_25	PENK	8	56438510	56438510
SeqId_9077_10	MAN1A2	1	117367449	117367449
SeqId_9078_207	SNTB1	8	120693908	120693908
SeqId_9092_33	ANGPTL1	1	178869278	178869278
SeqId_9172_69	MMP8	11	102724781	102724781
SeqId_9173_21	PGM1	1	63593411	63593411
SeqId_9175_48	DSCAM	21	40353654	40353654
SeqId_9177_6	FAM3B	21	41304212	41304212
SeqId_9183_7	IFNAR1	21	33324429	33324429
SeqId_9185_15	TFF1	21	42366535	42366535
SeqId_9188_119	CXCL9	4	76007509	76007509
SeqId_9191_8	TFF2	21	42350994	42350994
SeqId_9196_8	LGALS7	19	38773432	38773432
SeqId_9197_4	LGALS9	17	27629798	27629798
SeqId_9201_13	TAGLN2	1	159923717	159923717
SeqId_9211_19	SERPINF1	17	1762029	1762029
SeqId_9212_22	CTSF	11	66566134	66566134
SeqId_9216_100	PLXNB2	22	50278840	50278840
SeqId_9223_11	MANF	3	51385291	51385291
SeqId_9231_23	IMPAD1	8	56980112	56980112
SeqId_9233_71	TFPI2	7	93890170	93890170
SeqId_9234_8	TWSG1	18	9334767	9334767
SeqId_9241_40	SIRPG	20	1630643	1630643
SeqId_9244_27	PPT1	1	40078835	40078835
SeqId_9251_28	MAN2B2	4	6575189	6575189
SeqId_9253_52	ABO	9	133275214	133275214
SeqId_9256_78	NPTX1	17	80474698	80474698
SeqId_9263_57	SIAE	11	124669612	124669612
SeqId_9264_11	CTSO	4	155953866	155953866
SeqId_9265_10	GLIPR1	12	75480753	75480753
SeqId_9266_1	TREM1	6	41281234	41281234
SeqId_9267_2	CPA4	7	130293134	130293134
SeqId_9278_9	CXCL12	10	44385043	44385043
SeqId_9282_12	CRISP2	6	49713543	49713543
SeqId_9288_7	FKBP7	2	178478317	178478317
SeqId_9294_45	MFAP2	1	16978276	16978276
SeqId_9297_12	B3GNT8	19	41427362	41427362
SeqId_9312_8	AZGP1	7	99967593	99967593
SeqId_9313_27	CBLN1	16	49281482	49281482
SeqId_9314_9	PSG5	19	43170565	43170565
SeqId_9316_67	WFDC1	16	84294846	84294846
SeqId_9321_400	NMB	15	84658199	84658199
SeqId_9326_33	ITIH2	10	7703316	7703316
SeqId_9329_28	TREML1	6	41151620	41151620
SeqId_9335_28	PSG9	19	43260746	43260746
SeqId_9337_43	TAC1	7	97732084	97732084
SeqId_9339_204	FKBP2	11	64241003	64241003
SeqId_9340_17	FKBP14	7	30026419	30026419
SeqId_9341_1	PDGFD	11	104037026	104037026
SeqId_9343_16	IL2RB	22	37136408	37136408
SeqId_9348_1	C1RL	12	7097258	7097258
SeqId_9350_3	FSTL4	5	133209895	133209895
SeqId_9357_4	CREG1	1	167553762	167553762
SeqId_9359_9	DLK2	6	43453085	43453085
SeqId_9360_33	EDIL3	5	84078828	84078828
SeqId_9368_64	LRTM1	3	54928059	54928059
SeqId_9369_174	LRRC4C	11	40241883	40241883
SeqId_9370_69	GGH	8	63017970	63017970
SeqId_9380_2	PLA2G12B	10	72954806	72954806
SeqId_9383_24	CHI3L2	1	111200771	111200771
SeqId_9385_4	GAA	17	80101556	80101556
SeqId_9388_18	MCEE	2	71118384	71118384
SeqId_9394_19	CPQ	8	96645242	96645242
SeqId_9398_30	GALP	19	56176008	56176008
SeqId_9401_57	TRABD2A	2	84835504	84835504
SeqId_9409_11	TPSAB1	16	1240705	1240705
SeqId_9416_77	CPM	12	68856544	68856544
SeqId_9449_150	C4BPA	1	207104233	207104233
SeqId_9459_7	FAS	10	88990531	88990531
SeqId_9468_8	LMAN2	5	177334552	177334552
SeqId_9470_15	METTL24	6	110357977	110357977
SeqId_9478_69	PRPSAP1	17	76313740	76313740
SeqId_9482_110	NUDT9	4	87422573	87422573
SeqId_9484_75	DSG2	18	31498177	31498177
SeqId_9525_1	PTK7	6	43076307	43076307
SeqId_9536_16	EDDM3A	14	20745887	20745887
SeqId_9545_156	GZMK	5	55024256	55024256
SeqId_9557_5	MANSC1	12	12338674	12338674
SeqId_9574_11	BIN1	2	127056491	127056491
SeqId_9578_263	MANSC4	12	27771276	27771276
SeqId_9580_5	LAMC2	1	183186238	183186238
SeqId_9595_11	B4GALT2	1	43978943	43978943
SeqId_9599_6	PIANP	12	6698306	6698306
SeqId_9638_2	TIGIT	3	114276913	114276913
SeqId_9713_67	PDGFRL	8	17576433	17576433
SeqId_9715_15	IGSF3	1	116646945	116646945
SeqId_9719_145	MMP16	8	88327206	88327206
SeqId_9744_139	DNAJA4	15	78264086	78264086
SeqId_9748_31	GSTM3	1	109738143	109738143
SeqId_9754_33	NQO2	6	2987987	2987987
SeqId_9769_48	DNER	2	229587177	229587177
SeqId_9772_153	NLGN2	17	7404874	7404874
SeqId_9790_28	BRSK2	11	1389899	1389899
SeqId_9793_145	IGDCC4	15	65385770	65385770
SeqId_9796_4	CEL	9	133061978	133061978
SeqId_9816_37	ISOC1	5	129094749	129094749
SeqId_9826_135	FHIT	3	60014150	60014150
SeqId_9829_91	SULT2A1	19	47886315	47886315
SeqId_9831_12	G3BP2	4	75649102	75649102
SeqId_9832_33	HGD	3	120641807	120641807
SeqId_9834_62	ADH1B	4	99318867	99318867
SeqId_9837_60	NQO1	16	69726506	69726506
SeqId_9838_4	SMAD1	4	145481194	145481194
SeqId_9839_148	TIRAP	11	126283065	126283065
SeqId_9843_5	ACTN1	14	68879022	68879022
SeqId_9846_32	ARHGDIB	12	14948896	14948896
SeqId_9848_22	CCNH	5	87377180	87377180
SeqId_9849_13	APEX1	14	20455191	20455191
SeqId_9870_17	WARS	14	100342534	100342534
SeqId_9876_20	ALDOC	17	28575914	28575914
SeqId_9877_28	CRKL	22	20917407	20917407
SeqId_9883_29	GLO1	6	38683215	38683215
SeqId_9884_8	PPIL1	6	36858635	36858635
SeqId_9886_28	XRCC4	5	83077498	83077498
SeqId_9894_13	MYO6	6	75749192	75749192
SeqId_9906_21	SPOCK3	4	167102557	167102557
SeqId_9910_9	MTAP	9	21802636	21802636
SeqId_9931_20	KRT1	12	52677517	52677517
SeqId_9932_49	SEMA4F	2	74654228	74654228
SeqId_9940_35	DUSP28	2	240560054	240560054
SeqId_9950_229	LAG3	12	6772512	6772512
SeqId_9962_1	CDHR5	11	621137	621137
SeqId_9981_18	KIAA1467	12	13044381	13044381
SeqId_9986_14	NPW	16	2009926	2009926
SeqId_9995_6	DUT	15	48331011	48331011
